dismissal,career_phase,ball_age,early_phase,is_pace,is_spin,outside_off_proxy,straight_bat_proxy,leg_side_proxy,short_ball_proxy,full_length_proxy,condition_proxy,high_pressure,innings,match_id
1,peak,old_ball,0,1,0,0,1,0,0,1,neutral,0,1,1022593
0,peak,old_ball,0,1,0,0,0,0,0,0,neutral,0,1,1022593
0,peak,old_ball,0,1,0,0,0,0,0,0,neutral,0,1,1022593
0,peak,old_ball,0,1,0,0,0,0,0,0,neutral,0,1,1022593
0,peak,old_ball,0,1,0,0,0,0,0,0,neutral,0,1,1022593
0,peak,old_ball,0,1,0,0,0,0,0,0,neutral,0,1,1022593
0,peak,old_ball,0,1,0,0,0,0,0,0,neutral,0,1,1022593
1,peak,old_ball,0,1,0,1,0,0,0,0,neutral,0,2,1022595
0,peak,old_ball,0,1,0,0,0,0,0,0,neutral,0,2,1022595
0,peak,old_ball,0,1,0,0,0,0,0,0,neutral,0,2,1022595
0,peak,old_ball,0,1,0,0,0,0,0,0,neutral,0,2,1022595
0,peak,old_ball,0,1,0,0,0,0,0,0,neutral,0,2,1022595
0,peak,old_ball,0,1,0,0,0,0,0,0,neutral,0,2,1022595
0,peak,old_ball,0,1,0,0,0,0,0,0,neutral,0,2,1022595
1,peak,new_ball,1,1,0,1,0,0,0,0,neutral,1,1,1022597
0,peak,new_ball,1,1,0,0,0,0,0,0,neutral,1,1,1022597
0,peak,new_ball,1,1,0,0,0,0,0,0,neutral,1,1,1022597
0,peak,new_ball,1,1,0,0,0,0,0,0,neutral,1,1,1022597
0,peak,new_ball,1,1,0,0,0,0,0,0,neutral,1,1,1022597
0,peak,new_ball,1,1,0,0,0,0,0,0,neutral,1,1,1022597
0,peak,new_ball,1,1,0,0,0,0,0,0,neutral,1,1,1022597
1,peak,new_ball,0,1,0,0,1,0,0,1,neutral,1,3,1022597
0,peak,new_ball,1,1,0,0,0,0,0,0,neutral,1,3,1022597
0,peak,new_ball,1,1,0,0,0,0,0,0,neutral,1,3,1022597
0,peak,new_ball,1,1,0,0,0,0,0,0,neutral,1,3,1022597
0,peak,new_ball,1,1,0,0,0,0,0,0,neutral,1,3,1022597
0,peak,new_ball,1,1,0,0,0,0,0,0,neutral,1,3,1022597
0,peak,new_ball,1,1,0,0,0,0,0,0,neutral,1,3,1022597
1,peak,old_ball,0,1,0,1,0,0,0,0,neutral,0,1,1030213
0,peak,old_ball,0,0,1,0,0,0,0,0,neutral,0,1,1030213
0,peak,old_ball,0,0,1,0,0,0,0,0,neutral,0,1,1030213
0,peak,old_ball,0,0,1,0,0,0,0,0,neutral,0,1,1030213
0,peak,old_ball,0,0,1,0,0,0,0,0,neutral,0,1,1030213
0,peak,old_ball,0,0,1,0,0,0,0,0,neutral,0,1,1030213
0,peak,old_ball,0,1,0,0,0,0,0,0,neutral,0,1,1030213
1,peak,old_ball,0,1,0,1,0,0,0,0,neutral,1,3,1030213
0,peak,old_ball,0,0,1,0,0,0,0,0,neutral,1,3,1030213
0,peak,old_ball,0,1,0,0,0,0,0,0,neutral,1,3,1030213
0,peak,old_ball,0,0,1,0,0,0,0,0,neutral,1,3,1030213
0,peak,old_ball,0,1,0,0,0,0,0,0,neutral,1,3,1030213
0,peak,old_ball,0,0,1,0,0,0,0,0,neutral,1,3,1030213
0,peak,old_ball,0,0,1,0,0,0,0,0,neutral,1,3,1030213
1,peak,middle_overs,0,1,0,1,0,0,0,0,neutral,0,1,1030215
0,peak,new_ball,0,0,1,0,0,0,0,0,neutral,0,1,1030215
0,peak,new_ball,0,1,0,0,0,0,0,0,neutral,0,1,1030215
0,peak,new_ball,0,1,0,0,0,0,0,0,neutral,0,1,1030215
0,peak,middle_overs,0,1,0,0,0,0,0,0,neutral,0,1,1030215
0,peak,new_ball,0,1,0,0,0,0,0,0,neutral,0,1,1030215
0,peak,middle_overs,0,1,0,0,0,0,0,0,neutral,0,1,1030215
1,peak,middle_overs,0,1,0,0,1,0,0,1,neutral,1,3,1030215
0,peak,middle_overs,0,1,0,0,0,0,0,0,neutral,1,3,1030215
0,peak,new_ball,0,1,0,0,0,0,0,0,neutral,1,3,1030215
0,peak,new_ball,1,1,0,0,0,0,0,0,neutral,1,3,1030215
0,peak,new_ball,0,1,0,0,0,0,0,0,neutral,1,3,1030215
0,peak,middle_overs,0,1,0,0,0,0,0,0,neutral,1,3,1030215
0,peak,middle_overs,0,1,0,0,0,0,0,0,neutral,1,3,1030215
1,peak,old_ball,0,1,0,0,1,0,0,1,neutral,0,1,1030217
0,peak,old_ball,0,0,1,0,0,0,0,0,neutral,0,1,1030217
0,peak,old_ball,0,1,0,0,0,0,0,0,neutral,0,1,1030217
0,peak,old_ball,0,1,0,0,0,0,0,0,neutral,0,1,1030217
0,peak,old_ball,0,0,1,0,0,0,0,0,neutral,0,1,1030217
0,peak,middle_overs,0,1,0,0,0,0,0,0,neutral,0,1,1030217
0,peak,old_ball,0,1,0,0,0,0,0,0,neutral,0,1,1030217
1,peak,middle_overs,0,1,0,0,1,0,0,1,neutral,1,3,1030217
0,peak,middle_overs,0,1,0,0,0,0,0,0,neutral,1,3,1030217
0,peak,middle_overs,0,1,0,0,0,0,0,0,neutral,1,3,1030217
0,peak,middle_overs,0,1,0,0,0,0,0,0,neutral,1,3,1030217
0,peak,middle_overs,0,0,1,0,0,0,0,0,neutral,1,3,1030217
0,peak,middle_overs,0,1,0,0,0,0,0,0,neutral,1,3,1030217
0,peak,middle_overs,0,0,1,0,0,0,0,0,neutral,1,3,1030217
1,peak,old_ball,0,1,0,0,0,0,0,0,neutral,0,2,1034809
0,peak,old_ball,0,1,0,0,0,0,0,0,neutral,0,2,1034809
0,peak,old_ball,0,0,1,0,0,0,0,0,neutral,0,2,1034809
0,peak,old_ball,0,1,0,0,0,0,0,0,neutral,0,2,1034809
0,peak,old_ball,0,0,1,0,0,0,0,0,neutral,0,2,1034809
0,peak,old_ball,0,1,0,0,0,0,0,0,neutral,0,2,1034809
0,peak,old_ball,0,1,0,0,0,0,0,0,neutral,0,2,1034809
1,peak,old_ball,0,0,1,1,0,0,0,0,neutral,0,1,1034811
0,peak,new_ball,1,1,0,0,0,0,0,0,neutral,1,1,1034811
0,peak,old_ball,0,1,0,0,0,0,0,0,neutral,0,1,1034811
0,peak,new_ball,1,1,0,0,0,0,0,0,neutral,1,1,1034811
0,peak,new_ball,1,1,0,0,0,0,0,0,neutral,1,1,1034811
0,peak,middle_overs,0,1,0,0,0,0,0,0,neutral,0,1,1034811
0,peak,old_ball,0,1,0,0,0,0,0,0,neutral,0,1,1034811
1,peak,old_ball,0,1,0,1,0,0,0,0,neutral,1,3,1034811
0,peak,new_ball,0,1,0,0,0,0,0,0,neutral,1,3,1034811
0,peak,middle_overs,0,1,0,0,0,0,0,0,neutral,1,3,1034811
0,peak,middle_overs,0,1,0,0,0,0,0,0,neutral,1,3,1034811
0,peak,middle_overs,0,1,0,0,0,0,0,0,neutral,1,3,1034811
0,peak,middle_overs,0,1,0,0,0,0,0,0,neutral,1,3,1034811
0,peak,middle_overs,0,1,0,0,0,0,0,0,neutral,1,3,1034811
1,peak,old_ball,0,1,0,1,0,0,0,0,neutral,0,2,1034813
0,peak,middle_overs,0,1,0,0,0,0,0,0,neutral,0,2,1034813
0,peak,old_ball,0,1,0,0,0,0,0,0,neutral,0,2,1034813
0,peak,middle_overs,0,1,0,0,0,0,0,0,neutral,0,2,1034813
0,peak,old_ball,0,1,0,0,0,0,0,0,neutral,0,2,1034813
0,peak,old_ball,0,1,0,0,0,0,0,0,neutral,0,2,1034813
0,peak,middle_overs,0,1,0,0,0,0,0,0,neutral,0,2,1034813
1,peak,old_ball,0,1,0,1,0,0,0,0,neutral,0,2,1034815
0,peak,old_ball,0,0,1,0,0,0,0,0,neutral,0,2,1034815
0,peak,old_ball,0,1,0,0,0,0,0,0,neutral,0,2,1034815
0,peak,old_ball,0,1,0,0,0,0,0,0,neutral,0,2,1034815
0,peak,old_ball,0,0,1,0,0,0,0,0,neutral,0,2,1034815
0,peak,old_ball,0,1,0,0,0,0,0,0,neutral,0,2,1034815
0,peak,old_ball,0,1,0,0,0,0,0,0,neutral,0,2,1034815
1,peak,old_ball,0,1,0,1,0,0,0,0,neutral,0,2,1034817
0,peak,old_ball,0,1,0,0,0,0,0,0,neutral,0,2,1034817
0,peak,old_ball,0,1,0,0,0,0,0,0,neutral,0,2,1034817
0,peak,old_ball,0,1,0,0,0,0,0,0,neutral,0,2,1034817
0,peak,old_ball,0,1,0,0,0,0,0,0,neutral,0,2,1034817
0,peak,old_ball,0,1,0,0,0,0,0,0,neutral,0,2,1034817
0,peak,old_ball,0,1,0,0,0,0,0,0,neutral,0,2,1034817
1,peak,old_ball,0,1,0,0,1,0,0,1,neutral,0,1,1041761
0,peak,old_ball,0,1,0,0,0,0,0,0,neutral,0,1,1041761
0,peak,old_ball,0,0,1,0,0,0,0,0,neutral,0,1,1041761
0,peak,old_ball,0,1,0,0,0,0,0,0,neutral,0,1,1041761
0,peak,old_ball,0,1,0,0,0,0,0,0,neutral,0,1,1041761
0,peak,old_ball,0,1,0,0,0,0,0,0,neutral,0,1,1041761
0,peak,old_ball,0,1,0,0,0,0,0,0,neutral,0,1,1041761
1,peak,middle_overs,0,0,1,1,0,0,0,0,neutral,1,3,1041761
0,peak,new_ball,0,0,1,0,0,0,0,0,neutral,1,3,1041761
0,peak,new_ball,0,0,1,0,0,0,0,0,neutral,1,3,1041761
0,peak,new_ball,0,1,0,0,0,0,0,0,neutral,1,3,1041761
0,peak,new_ball,1,1,0,0,0,0,0,0,neutral,1,3,1041761
0,peak,new_ball,1,1,0,0,0,0,0,0,neutral,1,3,1041761
0,peak,new_ball,0,1,0,0,0,0,0,0,neutral,1,3,1041761
1,peak,new_ball,0,1,0,1,0,0,0,0,neutral,0,2,1062573
0,peak,new_ball,0,1,0,0,0,0,0,0,neutral,0,2,1062573
1,peak,middle_overs,0,1,0,0,1,0,0,1,neutral,1,4,1062573
0,peak,new_ball,1,1,0,0,0,0,0,0,neutral,1,4,1062573
0,peak,new_ball,1,0,1,0,0,0,0,0,neutral,1,4,1062573
0,peak,new_ball,0,1,0,0,0,0,0,0,neutral,1,4,1062573
0,peak,new_ball,0,0,1,0,0,0,0,0,neutral,1,4,1062573
0,peak,new_ball,0,1,0,0,0,0,0,0,neutral,1,4,1062573
0,peak,new_ball,1,0,1,0,0,0,0,0,neutral,1,4,1062573
1,peak,middle_overs,0,0,1,0,1,0,0,1,neutral,0,1,1062574
0,peak,middle_overs,0,0,1,0,0,0,0,0,neutral,0,1,1062574
0,peak,middle_overs,0,1,0,0,0,0,0,0,neutral,0,1,1062574
0,peak,middle_overs,0,1,0,0,0,0,0,0,neutral,0,1,1062574
0,peak,middle_overs,0,0,1,0,0,0,0,0,neutral,0,1,1062574
0,peak,middle_overs,0,0,1,0,0,0,0,0,neutral,0,1,1062574
0,peak,middle_overs,0,1,0,0,0,0,0,0,neutral,0,1,1062574
1,peak,middle_overs,0,1,0,0,1,0,0,1,neutral,1,3,1062574
0,peak,middle_overs,0,1,0,0,0,0,0,0,neutral,1,3,1062574
0,peak,middle_overs,0,1,0,0,0,0,0,0,neutral,1,3,1062574
0,peak,middle_overs,0,0,1,0,0,0,0,0,neutral,1,3,1062574
0,peak,middle_overs,0,1,0,0,0,0,0,0,neutral,1,3,1062574
0,peak,middle_overs,0,1,0,0,0,0,0,0,neutral,1,3,1062574
0,peak,middle_overs,0,1,0,0,0,0,0,0,neutral,1,3,1062574
1,peak,old_ball,0,1,0,1,0,0,0,0,neutral,0,2,1062575
0,peak,old_ball,0,1,0,0,0,0,0,0,neutral,0,2,1062575
0,peak,old_ball,0,0,1,0,0,0,0,0,neutral,0,2,1062575
0,peak,old_ball,0,0,1,0,0,0,0,0,neutral,0,2,1062575
0,peak,old_ball,0,0,1,0,0,0,0,0,neutral,0,2,1062575
0,peak,old_ball,0,1,0,0,0,0,0,0,neutral,0,2,1062575
0,peak,old_ball,0,0,1,0,0,0,0,0,neutral,0,2,1062575
1,peak,old_ball,0,1,0,1,0,0,0,0,neutral,0,1,1109602
0,peak,old_ball,0,1,0,0,0,0,0,0,neutral,0,1,1109602
0,peak,old_ball,0,1,0,0,0,0,0,0,neutral,0,1,1109602
0,peak,old_ball,0,0,1,0,0,0,0,0,neutral,0,1,1109602
0,peak,old_ball,0,1,0,0,0,0,0,0,neutral,0,1,1109602
0,peak,old_ball,0,0,1,0,0,0,0,0,neutral,0,1,1109602
0,peak,old_ball,0,1,0,0,0,0,0,0,neutral,0,1,1109602
1,peak,middle_overs,0,0,1,1,0,0,0,0,neutral,0,1,1109603
0,peak,middle_overs,0,0,1,0,0,0,0,0,neutral,0,1,1109603
0,peak,middle_overs,0,0,1,0,0,0,0,0,neutral,0,1,1109603
0,peak,middle_overs,0,0,1,0,0,0,0,0,neutral,0,1,1109603
0,peak,middle_overs,0,0,1,0,0,0,0,0,neutral,0,1,1109603
0,peak,middle_overs,0,0,1,0,0,0,0,0,neutral,0,1,1109603
0,peak,middle_overs,0,1,0,0,0,0,0,0,neutral,0,1,1109603
1,peak,old_ball,0,1,0,1,0,0,0,0,neutral,0,1,1109604
0,peak,old_ball,0,1,0,0,0,0,0,0,neutral,0,1,1109604
0,peak,old_ball,0,1,0,0,0,0,0,0,neutral,0,1,1109604
0,peak,old_ball,0,1,0,0,0,0,0,0,neutral,0,1,1109604
0,peak,old_ball,0,1,0,0,0,0,0,0,neutral,0,1,1109604
0,peak,old_ball,0,1,0,0,0,0,0,0,neutral,0,1,1109604
0,peak,old_ball,0,1,0,0,0,0,0,0,neutral,0,1,1109604
1,peak,old_ball,0,1,0,1,0,0,0,0,neutral,0,2,1119549
0,peak,old_ball,0,1,0,0,0,0,0,0,neutral,0,2,1119549
0,peak,old_ball,0,1,0,0,0,0,0,0,neutral,0,2,1119549
0,peak,old_ball,0,1,0,0,0,0,0,0,neutral,0,2,1119549
0,peak,middle_overs,0,1,0,0,0,0,0,0,neutral,0,2,1119549
0,peak,old_ball,0,1,0,0,0,0,0,0,neutral,0,2,1119549
0,peak,old_ball,0,1,0,0,0,0,0,0,neutral,0,2,1119549
1,peak,old_ball,0,1,0,0,1,0,0,1,neutral,1,4,1119549
0,peak,new_ball,1,1,0,0,0,0,0,0,neutral,1,4,1119549
0,peak,middle_overs,0,1,0,0,0,0,0,0,neutral,1,4,1119549
0,peak,old_ball,0,1,0,0,0,0,0,0,neutral,1,4,1119549
0,peak,middle_overs,0,1,0,0,0,0,0,0,neutral,1,4,1119549
0,peak,new_ball,1,1,0,0,0,0,0,0,neutral,1,4,1119549
0,peak,middle_overs,0,1,0,0,0,0,0,0,neutral,1,4,1119549
1,peak,middle_overs,0,1,0,1,0,0,0,0,neutral,0,1,1119550
0,peak,middle_overs,0,1,0,0,0,0,0,0,neutral,0,1,1119550
0,peak,middle_overs,0,1,0,0,0,0,0,0,neutral,0,1,1119550
0,peak,middle_overs,0,1,0,0,0,0,0,0,neutral,0,1,1119550
0,peak,middle_overs,0,1,0,0,0,0,0,0,neutral,0,1,1119550
0,peak,new_ball,0,1,0,0,0,0,0,0,neutral,0,1,1119550
0,peak,middle_overs,0,1,0,0,0,0,0,0,neutral,0,1,1119550
1,peak,middle_overs,0,1,0,1,0,0,0,0,neutral,1,3,1119550
0,peak,middle_overs,0,1,0,0,0,0,0,0,neutral,1,3,1119550
0,peak,middle_overs,0,1,0,0,0,0,0,0,neutral,1,3,1119550
0,peak,middle_overs,0,1,0,0,0,0,0,0,neutral,1,3,1119550
0,peak,middle_overs,0,1,0,0,0,0,0,0,neutral,1,3,1119550
0,peak,middle_overs,0,1,0,0,0,0,0,0,neutral,1,3,1119550
0,peak,middle_overs,0,1,0,0,0,0,0,0,neutral,1,3,1119550
1,peak,old_ball,0,1,0,1,0,0,0,0,neutral,0,1,1119551
0,peak,old_ball,0,1,0,0,0,0,0,0,neutral,0,1,1119551
0,peak,middle_overs,0,1,0,0,0,0,0,0,neutral,0,1,1119551
0,peak,middle_overs,0,1,0,0,0,0,0,0,neutral,0,1,1119551
0,peak,old_ball,0,1,0,0,0,0,0,0,neutral,0,1,1119551
0,peak,middle_overs,0,1,0,0,0,0,0,0,neutral,0,1,1119551
0,peak,old_ball,0,1,0,0,0,0,0,0,neutral,0,1,1119551
1,peak,old_ball,0,1,0,0,1,0,0,1,neutral,1,3,1119551
0,peak,old_ball,0,1,0,0,0,0,0,0,neutral,1,3,1119551
0,peak,old_ball,0,1,0,0,0,0,0,0,neutral,1,3,1119551
0,peak,old_ball,0,1,0,0,0,0,0,0,neutral,1,3,1119551
0,peak,old_ball,0,1,0,0,0,0,0,0,neutral,1,3,1119551
0,peak,middle_overs,0,1,0,0,0,0,0,0,neutral,1,3,1119551
0,peak,middle_overs,0,1,0,0,0,0,0,0,neutral,1,3,1119551
1,peak,old_ball,0,1,0,1,0,0,0,0,neutral,0,2,1119552
0,peak,middle_overs,0,1,0,0,0,0,0,0,neutral,0,2,1119552
0,peak,middle_overs,0,1,0,0,0,0,0,0,neutral,0,2,1119552
0,peak,middle_overs,0,0,1,0,0,0,0,0,neutral,0,2,1119552
0,peak,middle_overs,0,1,0,0,0,0,0,0,neutral,0,2,1119552
0,peak,middle_overs,0,1,0,0,0,0,0,0,neutral,0,2,1119552
0,peak,middle_overs,0,1,0,0,0,0,0,0,neutral,0,2,1119552
1,peak,old_ball,0,0,1,1,0,0,0,0,neutral,1,4,1119552
0,peak,new_ball,1,1,0,0,0,0,0,0,neutral,1,4,1119552
0,peak,middle_overs,0,1,0,0,0,0,0,0,neutral,1,4,1119552
0,peak,middle_overs,0,1,0,0,0,0,0,0,neutral,1,4,1119552
0,peak,old_ball,0,1,0,0,0,0,0,0,neutral,1,4,1119552
0,peak,middle_overs,0,0,1,0,0,0,0,0,neutral,1,4,1119552
0,peak,old_ball,0,0,1,0,0,0,0,0,neutral,1,4,1119552
1,peak,old_ball,0,1,0,1,0,0,0,0,neutral,0,2,1119553
0,peak,middle_overs,0,0,1,0,0,0,0,0,neutral,0,2,1119553
0,peak,middle_overs,0,0,1,0,0,0,0,0,neutral,0,2,1119553
0,peak,middle_overs,0,0,1,0,0,0,0,0,neutral,0,2,1119553
0,peak,old_ball,0,1,0,0,0,0,0,0,neutral,0,2,1119553
0,peak,middle_overs,0,1,0,0,0,0,0,0,neutral,0,2,1119553
0,peak,middle_overs,0,1,0,0,0,0,0,0,neutral,0,2,1119553
1,peak,new_ball,1,1,0,1,0,0,0,0,neutral,1,4,1119553
1,peak,new_ball,1,1,0,1,0,0,0,0,neutral,1,2,1122276
0,peak,new_ball,1,1,0,0,0,0,0,0,neutral,1,2,1122276
0,peak,new_ball,1,1,0,0,0,0,0,0,neutral,1,2,1122276
0,peak,new_ball,1,1,0,0,0,0,0,0,neutral,1,2,1122276
0,peak,new_ball,1,1,0,0,0,0,0,0,neutral,1,2,1122276
0,peak,new_ball,1,1,0,0,0,0,0,0,neutral,1,2,1122276
0,peak,new_ball,1,1,0,0,0,0,0,0,neutral,1,2,1122276
1,peak,middle_overs,0,1,0,0,1,0,0,1,neutral,1,4,1122276
0,peak,middle_overs,0,1,0,0,0,0,0,0,neutral,1,4,1122276
0,peak,middle_overs,0,1,0,0,0,0,0,0,neutral,1,4,1122276
0,peak,new_ball,0,1,0,0,0,0,0,0,neutral,1,4,1122276
0,peak,middle_overs,0,1,0,0,0,0,0,0,neutral,1,4,1122276
0,peak,new_ball,0,1,0,0,0,0,0,0,neutral,1,4,1122276
0,peak,middle_overs,0,1,0,0,0,0,0,0,neutral,1,4,1122276
1,peak,old_ball,0,1,0,1,0,0,0,0,neutral,0,2,1122277
0,peak,old_ball,0,1,0,0,0,0,0,0,neutral,0,2,1122277
0,peak,old_ball,0,1,0,0,0,0,0,0,neutral,0,2,1122277
0,peak,middle_overs,0,1,0,0,0,0,0,0,neutral,0,2,1122277
0,peak,old_ball,0,1,0,0,0,0,0,0,neutral,0,2,1122277
0,peak,old_ball,0,1,0,0,0,0,0,0,neutral,0,2,1122277
0,peak,old_ball,0,1,0,0,0,0,0,0,neutral,0,2,1122277
1,peak,new_ball,0,1,0,0,1,0,0,1,neutral,1,4,1122277
0,peak,new_ball,0,1,0,0,0,0,0,0,neutral,1,4,1122277
0,peak,new_ball,0,1,0,0,0,0,0,0,neutral,1,4,1122277
0,peak,new_ball,0,1,0,0,0,0,0,0,neutral,1,4,1122277
0,peak,new_ball,0,1,0,0,0,0,0,0,neutral,1,4,1122277
0,peak,new_ball,0,1,0,0,0,0,0,0,neutral,1,4,1122277
0,peak,new_ball,0,1,0,0,0,0,0,0,neutral,1,4,1122277
1,peak,old_ball,0,1,0,1,0,0,0,0,neutral,0,1,1122278
0,peak,middle_overs,0,1,0,0,0,0,0,0,neutral,0,1,1122278
0,peak,middle_overs,0,1,0,0,0,0,0,0,neutral,0,1,1122278
0,peak,new_ball,1,1,0,0,0,0,0,0,neutral,1,1,1122278
0,peak,middle_overs,0,1,0,0,0,0,0,0,neutral,0,1,1122278
0,peak,new_ball,0,1,0,0,0,0,0,0,neutral,0,1,1122278
0,peak,new_ball,1,1,0,0,0,0,0,0,neutral,1,1,1122278
1,peak,old_ball,0,1,0,0,1,0,0,1,neutral,1,3,1122278
0,peak,old_ball,0,1,0,0,0,0,0,0,neutral,1,3,1122278
0,peak,old_ball,0,1,0,0,0,0,0,0,neutral,1,3,1122278
0,peak,middle_overs,0,1,0,0,0,0,0,0,neutral,1,3,1122278
0,peak,middle_overs,0,1,0,0,0,0,0,0,neutral,1,3,1122278
0,peak,middle_overs,0,1,0,0,0,0,0,0,neutral,1,3,1122278
0,peak,middle_overs,0,1,0,0,0,0,0,0,neutral,1,3,1122278
1,peak,new_ball,1,1,0,0,1,0,0,1,neutral,1,1,1122723
0,peak,new_ball,1,1,0,0,0,0,0,0,neutral,1,1,1122723
0,peak,new_ball,1,1,0,0,0,0,0,0,neutral,1,1,1122723
0,peak,new_ball,1,1,0,0,0,0,0,0,neutral,1,1,1122723
0,peak,new_ball,1,1,0,0,0,0,0,0,neutral,1,1,1122723
0,peak,new_ball,1,1,0,0,0,0,0,0,neutral,1,1,1122723
0,peak,new_ball,1,1,0,0,0,0,0,0,neutral,1,1,1122723
1,peak,old_ball,0,1,0,1,0,0,0,0,neutral,0,2,1122724
0,peak,old_ball,0,1,0,0,0,0,0,0,neutral,0,2,1122724
0,peak,old_ball,0,1,0,0,0,0,0,0,neutral,0,2,1122724
0,peak,old_ball,0,0,1,0,0,0,0,0,neutral,0,2,1122724
0,peak,old_ball,0,1,0,0,0,0,0,0,neutral,0,2,1122724
0,peak,old_ball,0,1,0,0,0,0,0,0,neutral,0,2,1122724
0,peak,old_ball,0,1,0,0,0,0,0,0,neutral,0,2,1122724
1,peak,old_ball,0,1,0,0,1,0,0,1,neutral,0,1,1122725
0,peak,old_ball,0,1,0,0,0,0,0,0,neutral,0,1,1122725
0,peak,old_ball,0,1,0,0,0,0,0,0,neutral,0,1,1122725
0,peak,old_ball,0,1,0,0,0,0,0,0,neutral,0,1,1122725
0,peak,old_ball,0,1,0,0,0,0,0,0,neutral,0,1,1122725
0,peak,old_ball,0,1,0,0,0,0,0,0,neutral,0,1,1122725
0,peak,old_ball,0,1,0,0,0,0,0,0,neutral,0,1,1122725
1,peak,old_ball,0,1,0,1,0,0,0,0,neutral,1,3,1122725
0,peak,old_ball,0,1,0,0,0,0,0,0,neutral,1,3,1122725
0,peak,middle_overs,0,1,0,0,0,0,0,0,neutral,1,3,1122725
0,peak,middle_overs,0,1,0,0,0,0,0,0,neutral,1,3,1122725
0,peak,old_ball,0,1,0,0,0,0,0,0,neutral,1,3,1122725
0,peak,old_ball,0,1,0,0,0,0,0,0,neutral,1,3,1122725
0,peak,old_ball,0,1,0,0,0,0,0,0,neutral,1,3,1122725
1,peak,new_ball,1,1,0,1,0,0,0,0,neutral,1,1,1144993
0,peak,new_ball,1,1,0,0,0,0,0,0,neutral,1,1,1144993
0,peak,new_ball,1,1,0,0,0,0,0,0,neutral,1,1,1144993
0,peak,new_ball,1,1,0,0,0,0,0,0,neutral,1,1,1144993
0,peak,new_ball,1,1,0,0,0,0,0,0,neutral,1,1,1144993
0,peak,new_ball,1,1,0,0,0,0,0,0,neutral,1,1,1144993
0,peak,new_ball,1,1,0,0,0,0,0,0,neutral,1,1,1144993
1,peak,old_ball,0,0,1,1,0,0,0,0,neutral,1,3,1144993
0,peak,middle_overs,0,1,0,0,0,0,0,0,neutral,1,3,1144993
0,peak,old_ball,0,1,0,0,0,0,0,0,neutral,1,3,1144993
0,peak,middle_overs,0,0,1,0,0,0,0,0,neutral,1,3,1144993
0,peak,middle_overs,0,0,1,0,0,0,0,0,neutral,1,3,1144993
0,peak,middle_overs,0,0,1,0,0,0,0,0,neutral,1,3,1144993
0,peak,middle_overs,0,1,0,0,0,0,0,0,neutral,1,3,1144993
1,peak,old_ball,0,1,0,1,0,0,0,0,neutral,0,2,1144994
0,peak,old_ball,0,1,0,0,0,0,0,0,neutral,0,2,1144994
0,peak,middle_overs,0,0,1,0,0,0,0,0,neutral,0,2,1144994
0,peak,middle_overs,0,1,0,0,0,0,0,0,neutral,0,2,1144994
0,peak,new_ball,1,1,0,0,0,0,0,0,neutral,1,2,1144994
0,peak,middle_overs,0,0,1,0,0,0,0,0,neutral,0,2,1144994
0,peak,middle_overs,0,1,0,0,0,0,0,0,neutral,0,2,1144994
1,peak,middle_overs,0,0,1,1,0,0,0,0,neutral,1,4,1144994
0,peak,new_ball,0,0,1,0,0,0,0,0,neutral,1,4,1144994
0,peak,new_ball,0,1,0,0,0,0,0,0,neutral,1,4,1144994
0,peak,new_ball,1,1,0,0,0,0,0,0,neutral,1,4,1144994
0,peak,new_ball,0,1,0,0,0,0,0,0,neutral,1,4,1144994
0,peak,new_ball,0,1,0,0,0,0,0,0,neutral,1,4,1144994
0,peak,new_ball,0,1,0,0,0,0,0,0,neutral,1,4,1144994
1,peak,old_ball,0,1,0,1,0,0,0,0,neutral,0,1,1144995
0,peak,old_ball,0,1,0,0,0,0,0,0,neutral,0,1,1144995
0,peak,old_ball,0,1,0,0,0,0,0,0,neutral,0,1,1144995
0,peak,old_ball,0,1,0,0,0,0,0,0,neutral,0,1,1144995
0,peak,old_ball,0,0,1,0,0,0,0,0,neutral,0,1,1144995
0,peak,old_ball,0,1,0,0,0,0,0,0,neutral,0,1,1144995
0,peak,old_ball,0,1,0,0,0,0,0,0,neutral,0,1,1144995
1,peak,new_ball,0,1,0,1,0,0,0,0,neutral,1,3,1144995
0,peak,new_ball,0,1,0,0,0,0,0,0,neutral,1,3,1144995
0,peak,new_ball,0,1,0,0,0,0,0,0,neutral,1,3,1144995
0,peak,new_ball,0,1,0,0,0,0,0,0,neutral,1,3,1144995
1,peak,old_ball,0,1,0,1,0,0,0,0,neutral,0,1,1144996
0,peak,middle_overs,0,0,1,0,0,0,0,0,neutral,0,1,1144996
0,peak,old_ball,0,1,0,0,0,0,0,0,neutral,0,1,1144996
0,peak,old_ball,0,1,0,0,0,0,0,0,neutral,0,1,1144996
0,peak,old_ball,0,1,0,0,0,0,0,0,neutral,0,1,1144996
0,peak,old_ball,0,0,1,0,0,0,0,0,neutral,0,1,1144996
0,peak,old_ball,0,0,1,0,0,0,0,0,neutral,0,1,1144996
1,peak,old_ball,0,1,0,1,0,0,0,0,neutral,0,1,1157752
0,peak,old_ball,0,1,0,0,0,0,0,0,neutral,0,1,1157752
0,peak,old_ball,0,1,0,0,0,0,0,0,neutral,0,1,1157752
0,peak,old_ball,0,1,0,0,0,0,0,0,neutral,0,1,1157752
0,peak,old_ball,0,1,0,0,0,0,0,0,neutral,0,1,1157752
0,peak,old_ball,0,1,0,0,0,0,0,0,neutral,0,1,1157752
0,peak,old_ball,0,1,0,0,0,0,0,0,neutral,0,1,1157752
1,peak,old_ball,0,1,0,0,1,0,0,1,neutral,0,2,1157753
0,peak,middle_overs,0,1,0,0,0,0,0,0,neutral,0,2,1157753
0,peak,middle_overs,0,1,0,0,0,0,0,0,neutral,0,2,1157753
0,peak,middle_overs,0,1,0,0,0,0,0,0,neutral,0,2,1157753
0,peak,middle_overs,0,1,0,0,0,0,0,0,neutral,0,2,1157753
0,peak,old_ball,0,1,0,0,0,0,0,0,neutral,0,2,1157753
0,peak,middle_overs,0,1,0,0,0,0,0,0,neutral,0,2,1157753
1,peak,old_ball,0,1,0,0,0,0,0,0,neutral,0,1,1187007
0,peak,old_ball,0,1,0,0,0,0,0,0,neutral,0,1,1187007
0,peak,old_ball,0,1,0,0,0,0,0,0,neutral,0,1,1187007
0,peak,old_ball,0,1,0,0,0,0,0,0,neutral,0,1,1187007
0,peak,old_ball,0,1,0,0,0,0,0,0,neutral,0,1,1187007
0,peak,old_ball,0,1,0,0,0,0,0,0,neutral,0,1,1187007
0,peak,old_ball,0,1,0,0,0,0,0,0,neutral,0,1,1187007
1,peak,new_ball,0,1,0,0,1,0,0,1,neutral,0,1,1187009
0,peak,new_ball,0,1,0,0,0,0,0,0,neutral,0,1,1187009
0,peak,new_ball,0,1,0,0,0,0,0,0,neutral,0,1,1187009
0,peak,new_ball,0,1,0,0,0,0,0,0,neutral,0,1,1187009
0,peak,new_ball,0,1,0,0,0,0,0,0,neutral,0,1,1187009
0,peak,new_ball,0,1,0,0,0,0,0,0,neutral,0,1,1187009
0,peak,new_ball,0,1,0,0,0,0,0,0,neutral,0,1,1187009
1,peak,middle_overs,0,1,0,0,1,0,0,1,neutral,0,2,1187016
0,peak,middle_overs,0,1,0,0,0,0,0,0,neutral,0,2,1187016
1,peak,old_ball,0,1,0,1,0,0,0,0,neutral,0,2,1187017
0,peak,old_ball,0,1,0,0,0,0,0,0,neutral,0,2,1187017
0,peak,old_ball,0,1,0,0,0,0,0,0,neutral,0,2,1187017
0,peak,middle_overs,0,1,0,0,0,0,0,0,neutral,0,2,1187017
0,peak,middle_overs,0,1,0,0,0,0,0,0,neutral,0,2,1187017
0,peak,middle_overs,0,1,0,0,0,0,0,0,neutral,0,2,1187017
0,peak,new_ball,0,1,0,0,0,0,0,0,neutral,0,2,1187017
1,late,middle_overs,0,1,0,1,0,0,0,0,neutral,0,1,1187685
0,late,middle_overs,0,1,0,0,0,0,0,0,neutral,0,1,1187685
0,late,new_ball,0,1,0,0,0,0,0,0,neutral,0,1,1187685
0,late,new_ball,0,1,0,0,0,0,0,0,neutral,0,1,1187685
0,late,middle_overs,0,1,0,0,0,0,0,0,neutral,0,1,1187685
0,late,middle_overs,0,1,0,0,0,0,0,0,neutral,0,1,1187685
0,late,new_ball,0,1,0,0,0,0,0,0,neutral,0,1,1187685
1,late,old_ball,0,1,0,1,0,0,0,0,neutral,1,3,1187685
0,late,middle_overs,0,1,0,0,0,0,0,0,neutral,1,3,1187685
0,late,middle_overs,0,1,0,0,0,0,0,0,neutral,1,3,1187685
0,late,middle_overs,0,1,0,0,0,0,0,0,neutral,1,3,1187685
0,late,old_ball,0,1,0,0,0,0,0,0,neutral,1,3,1187685
0,late,middle_overs,0,1,0,0,0,0,0,0,neutral,1,3,1187685
0,late,middle_overs,0,1,0,0,0,0,0,0,neutral,1,3,1187685
1,late,middle_overs,0,1,0,0,1,0,0,1,neutral,0,1,1187686
0,late,middle_overs,0,1,0,0,0,0,0,0,neutral,0,1,1187686
0,late,middle_overs,0,1,0,0,0,0,0,0,neutral,0,1,1187686
0,late,middle_overs,0,1,0,0,0,0,0,0,neutral,0,1,1187686
0,late,middle_overs,0,1,0,0,0,0,0,0,neutral,0,1,1187686
0,late,middle_overs,0,1,0,0,0,0,0,0,neutral,0,1,1187686
0,late,middle_overs,0,1,0,0,0,0,0,0,neutral,0,1,1187686
1,late,middle_overs,0,1,0,0,1,0,0,1,neutral,1,3,1187686
0,late,new_ball,0,1,0,0,0,0,0,0,neutral,1,3,1187686
0,late,new_ball,1,1,0,0,0,0,0,0,neutral,1,3,1187686
0,late,new_ball,0,1,0,0,0,0,0,0,neutral,1,3,1187686
0,late,new_ball,0,1,0,0,0,0,0,0,neutral,1,3,1187686
0,late,new_ball,0,1,0,0,0,0,0,0,neutral,1,3,1187686
0,late,new_ball,0,1,0,0,0,0,0,0,neutral,1,3,1187686
1,peak,new_ball,1,1,0,1,0,0,0,0,neutral,1,1,1188628
0,peak,new_ball,1,1,0,0,0,0,0,0,neutral,1,1,1188628
0,peak,new_ball,1,1,0,0,0,0,0,0,neutral,1,1,1188628
0,peak,new_ball,1,1,0,0,0,0,0,0,neutral,1,1,1188628
0,peak,new_ball,1,1,0,0,0,0,0,0,neutral,1,1,1188628
0,peak,new_ball,1,1,0,0,0,0,0,0,neutral,1,1,1188628
0,peak,new_ball,1,1,0,0,0,0,0,0,neutral,1,1,1188628
1,peak,old_ball,0,1,0,1,0,0,0,0,neutral,1,3,1188628
0,peak,old_ball,0,1,0,0,0,0,0,0,neutral,1,3,1188628
0,peak,old_ball,0,1,0,0,0,0,0,0,neutral,1,3,1188628
0,peak,old_ball,0,1,0,0,0,0,0,0,neutral,1,3,1188628
0,peak,old_ball,0,1,0,0,0,0,0,0,neutral,1,3,1188628
0,peak,old_ball,0,1,0,0,0,0,0,0,neutral,1,3,1188628
0,peak,old_ball,0,1,0,0,0,0,0,0,neutral,1,3,1188628
1,peak,old_ball,0,1,0,1,0,0,0,0,neutral,0,1,1188629
0,peak,middle_overs,0,1,0,0,0,0,0,0,neutral,0,1,1188629
0,peak,middle_overs,0,1,0,0,0,0,0,0,neutral,0,1,1188629
0,peak,middle_overs,0,1,0,0,0,0,0,0,neutral,0,1,1188629
0,peak,middle_overs,0,1,0,0,0,0,0,0,neutral,0,1,1188629
0,peak,middle_overs,0,1,0,0,0,0,0,0,neutral,0,1,1188629
0,peak,old_ball,0,1,0,0,0,0,0,0,neutral,0,1,1188629
1,peak,middle_overs,0,1,0,1,0,0,0,0,neutral,1,3,1188629
1,late,new_ball,0,1,0,1,0,0,0,0,neutral,1,3,1223869
0,late,new_ball,0,1,0,0,0,0,0,0,neutral,1,3,1223869
0,late,new_ball,0,1,0,0,0,0,0,0,neutral,1,3,1223869
0,late,new_ball,0,1,0,0,0,0,0,0,neutral,1,3,1223869
0,late,new_ball,0,1,0,0,0,0,0,0,neutral,1,3,1223869
0,late,new_ball,0,1,0,0,0,0,0,0,neutral,1,3,1223869
0,late,new_ball,0,1,0,0,0,0,0,0,neutral,1,3,1223869
1,late,middle_overs,0,1,0,1,0,0,0,0,neutral,0,2,1239543
1,late,old_ball,0,1,0,1,0,0,0,0,neutral,0,1,1239544
0,late,old_ball,0,0,1,0,0,0,0,0,neutral,0,1,1239544
0,late,old_ball,0,0,1,0,0,0,0,0,neutral,0,1,1239544
0,late,old_ball,0,1,0,0,0,0,0,0,neutral,0,1,1239544
0,late,old_ball,0,1,0,0,0,0,0,0,neutral,0,1,1239544
0,late,old_ball,0,0,1,0,0,0,0,0,neutral,0,1,1239544
0,late,old_ball,0,1,0,0,0,0,0,0,neutral,0,1,1239544
1,late,middle_overs,0,1,0,1,0,0,0,0,neutral,1,3,1239544
0,late,middle_overs,0,1,0,0,0,0,0,0,neutral,1,3,1239544
0,late,new_ball,0,1,0,0,0,0,0,0,neutral,1,3,1239544
0,late,new_ball,0,1,0,0,0,0,0,0,neutral,1,3,1239544
0,late,middle_overs,0,1,0,0,0,0,0,0,neutral,1,3,1239544
0,late,new_ball,0,1,0,0,0,0,0,0,neutral,1,3,1239544
0,late,middle_overs,0,1,0,0,0,0,0,0,neutral,1,3,1239544
1,late,new_ball,1,1,0,1,0,0,0,0,neutral,1,1,1239545
0,late,new_ball,1,1,0,0,0,0,0,0,neutral,1,1,1239545
0,late,new_ball,1,1,0,0,0,0,0,0,neutral,1,1,1239545
0,late,new_ball,1,1,0,0,0,0,0,0,neutral,1,1,1239545
0,late,new_ball,1,1,0,0,0,0,0,0,neutral,1,1,1239545
0,late,new_ball,1,1,0,0,0,0,0,0,neutral,1,1,1239545
0,late,new_ball,1,1,0,0,0,0,0,0,neutral,1,1,1239545
1,late,old_ball,0,1,0,1,0,0,0,0,neutral,1,3,1239545
0,late,old_ball,0,1,0,0,0,0,0,0,neutral,1,3,1239545
0,late,old_ball,0,0,1,0,0,0,0,0,neutral,1,3,1239545
0,late,old_ball,0,1,0,0,0,0,0,0,neutral,1,3,1239545
0,late,old_ball,0,1,0,0,0,0,0,0,neutral,1,3,1239545
0,late,old_ball,0,0,1,0,0,0,0,0,neutral,1,3,1239545
0,late,old_ball,0,0,1,0,0,0,0,0,neutral,1,3,1239545
1,late,old_ball,0,1,0,1,0,0,0,0,neutral,0,1,1239546
0,late,middle_overs,0,1,0,0,0,0,0,0,neutral,0,1,1239546
0,late,new_ball,0,1,0,0,0,0,0,0,neutral,0,1,1239546
0,late,middle_overs,0,1,0,0,0,0,0,0,neutral,0,1,1239546
0,late,middle_overs,0,1,0,0,0,0,0,0,neutral,0,1,1239546
0,late,middle_overs,0,1,0,0,0,0,0,0,neutral,0,1,1239546
0,late,middle_overs,0,1,0,0,0,0,0,0,neutral,0,1,1239546
1,late,old_ball,0,0,1,1,0,0,0,0,neutral,1,3,1239546
0,late,old_ball,0,1,0,0,0,0,0,0,neutral,1,3,1239546
0,late,old_ball,0,1,0,0,0,0,0,0,neutral,1,3,1239546
0,late,old_ball,0,1,0,0,0,0,0,0,neutral,1,3,1239546
0,late,old_ball,0,1,0,0,0,0,0,0,neutral,1,3,1239546
0,late,old_ball,0,1,0,0,0,0,0,0,neutral,1,3,1239546
0,late,old_ball,0,1,0,0,0,0,0,0,neutral,1,3,1239546
1,late,middle_overs,0,1,0,1,0,0,0,0,neutral,0,2,1243384
0,late,middle_overs,0,1,0,0,0,0,0,0,neutral,0,2,1243384
0,late,middle_overs,0,1,0,0,0,0,0,0,neutral,0,2,1243384
0,late,new_ball,0,1,0,0,0,0,0,0,neutral,0,2,1243384
0,late,middle_overs,0,1,0,0,0,0,0,0,neutral,0,2,1243384
0,late,new_ball,1,1,0,0,0,0,0,0,neutral,1,2,1243384
0,late,new_ball,0,0,1,0,0,0,0,0,neutral,0,2,1243384
1,late,old_ball,0,1,0,0,1,0,0,1,neutral,1,4,1243384
0,late,old_ball,0,1,0,0,0,0,0,0,neutral,1,4,1243384
0,late,middle_overs,0,0,1,0,0,0,0,0,neutral,1,4,1243384
0,late,middle_overs,0,0,1,0,0,0,0,0,neutral,1,4,1243384
0,late,old_ball,0,1,0,0,0,0,0,0,neutral,1,4,1243384
0,late,middle_overs,0,1,0,0,0,0,0,0,neutral,1,4,1243384
0,late,middle_overs,0,0,1,0,0,0,0,0,neutral,1,4,1243384
1,late,middle_overs,0,0,1,0,1,0,0,1,neutral,0,1,1243385
0,late,middle_overs,0,0,1,0,0,0,0,0,neutral,0,1,1243385
0,late,middle_overs,0,0,1,0,0,0,0,0,neutral,0,1,1243385
0,late,middle_overs,0,0,1,0,0,0,0,0,neutral,0,1,1243385
0,late,middle_overs,0,0,1,0,0,0,0,0,neutral,0,1,1243385
1,late,old_ball,0,0,1,0,1,0,0,1,neutral,1,3,1243385
0,late,middle_overs,0,0,1,0,0,0,0,0,neutral,1,3,1243385
0,late,middle_overs,0,0,1,0,0,0,0,0,neutral,1,3,1243385
0,late,old_ball,0,1,0,0,0,0,0,0,neutral,1,3,1243385
0,late,old_ball,0,0,1,0,0,0,0,0,neutral,1,3,1243385
0,late,old_ball,0,0,1,0,0,0,0,0,neutral,1,3,1243385
0,late,middle_overs,0,0,1,0,0,0,0,0,neutral,1,3,1243385
1,late,middle_overs,0,0,1,0,1,0,0,1,neutral,0,2,1243386
0,late,middle_overs,0,1,0,0,0,0,0,0,neutral,0,2,1243386
0,late,middle_overs,0,1,0,0,0,0,0,0,neutral,0,2,1243386
0,late,middle_overs,0,1,0,0,0,0,0,0,neutral,0,2,1243386
0,late,middle_overs,0,1,0,0,0,0,0,0,neutral,0,2,1243386
0,late,middle_overs,0,1,0,0,0,0,0,0,neutral,0,2,1243386
0,late,middle_overs,0,0,1,0,0,0,0,0,neutral,0,2,1243386
1,late,middle_overs,0,1,0,1,0,0,0,0,neutral,0,2,1243387
0,late,middle_overs,0,0,1,0,0,0,0,0,neutral,0,2,1243387
0,late,middle_overs,0,1,0,0,0,0,0,0,neutral,0,2,1243387
0,late,middle_overs,0,0,1,0,0,0,0,0,neutral,0,2,1243387
0,late,middle_overs,0,0,1,0,0,0,0,0,neutral,0,2,1243387
0,late,middle_overs,0,0,1,0,0,0,0,0,neutral,0,2,1243387
0,late,middle_overs,0,0,1,0,0,0,0,0,neutral,0,2,1243387
1,late,old_ball,0,1,0,0,1,0,0,1,neutral,0,1,1249875
0,late,middle_overs,0,1,0,0,0,0,0,0,neutral,0,1,1249875
0,late,middle_overs,0,1,0,0,0,0,0,0,neutral,0,1,1249875
0,late,old_ball,0,1,0,0,0,0,0,0,neutral,0,1,1249875
0,late,middle_overs,0,1,0,0,0,0,0,0,neutral,0,1,1249875
0,late,old_ball,0,1,0,0,0,0,0,0,neutral,0,1,1249875
0,late,old_ball,0,1,0,0,0,0,0,0,neutral,0,1,1249875
1,late,middle_overs,0,1,0,1,0,0,0,0,neutral,1,3,1249875
0,late,middle_overs,0,1,0,0,0,0,0,0,neutral,1,3,1249875
0,late,middle_overs,0,1,0,0,0,0,0,0,neutral,1,3,1249875
0,late,middle_overs,0,1,0,0,0,0,0,0,neutral,1,3,1249875
0,late,middle_overs,0,1,0,0,0,0,0,0,neutral,1,3,1249875
0,late,middle_overs,0,1,0,0,0,0,0,0,neutral,1,3,1249875
0,late,middle_overs,0,1,0,0,0,0,0,0,neutral,1,3,1249875
1,late,old_ball,0,1,0,1,0,0,0,0,neutral,0,1,1277079
0,late,old_ball,0,1,0,0,0,0,0,0,neutral,0,1,1277079
0,late,old_ball,0,1,0,0,0,0,0,0,neutral,0,1,1277079
0,late,old_ball,0,1,0,0,0,0,0,0,neutral,0,1,1277079
0,late,old_ball,0,1,0,0,0,0,0,0,neutral,0,1,1277079
0,late,old_ball,0,1,0,0,0,0,0,0,neutral,0,1,1277079
0,late,old_ball,0,1,0,0,0,0,0,0,neutral,0,1,1277079
1,late,middle_overs,0,1,0,1,0,0,0,0,neutral,1,3,1277079
0,late,middle_overs,0,1,0,0,0,0,0,0,neutral,1,3,1277079
0,late,middle_overs,0,1,0,0,0,0,0,0,neutral,1,3,1277079
0,late,middle_overs,0,1,0,0,0,0,0,0,neutral,1,3,1277079
0,late,middle_overs,0,1,0,0,0,0,0,0,neutral,1,3,1277079
0,late,middle_overs,0,1,0,0,0,0,0,0,neutral,1,3,1277079
0,late,middle_overs,0,1,0,0,0,0,0,0,neutral,1,3,1277079
1,late,old_ball,0,1,0,1,0,0,0,0,neutral,0,1,1277081
0,late,middle_overs,0,1,0,0,0,0,0,0,neutral,0,1,1277081
0,late,old_ball,0,1,0,0,0,0,0,0,neutral,0,1,1277081
0,late,old_ball,0,1,0,0,0,0,0,0,neutral,0,1,1277081
0,late,middle_overs,0,1,0,0,0,0,0,0,neutral,0,1,1277081
0,late,middle_overs,0,1,0,0,0,0,0,0,neutral,0,1,1277081
0,late,old_ball,0,1,0,0,0,0,0,0,neutral,0,1,1277081
1,late,old_ball,0,1,0,1,0,0,0,0,neutral,1,3,1277081
0,late,new_ball,1,1,0,0,0,0,0,0,neutral,1,3,1277081
0,late,new_ball,1,1,0,0,0,0,0,0,neutral,1,3,1277081
0,late,middle_overs,0,1,0,0,0,0,0,0,neutral,1,3,1277081
0,late,middle_overs,0,1,0,0,0,0,0,0,neutral,1,3,1277081
0,late,middle_overs,0,1,0,0,0,0,0,0,neutral,1,3,1277081
0,late,old_ball,0,1,0,0,0,0,0,0,neutral,1,3,1277081
1,late,middle_overs,0,1,0,0,1,0,0,1,neutral,0,1,1278675
0,late,middle_overs,0,1,0,0,0,0,0,0,neutral,0,1,1278675
0,late,middle_overs,0,1,0,0,0,0,0,0,neutral,0,1,1278675
0,late,middle_overs,0,1,0,0,0,0,0,0,neutral,0,1,1278675
1,late,old_ball,0,1,0,0,1,0,0,1,neutral,1,3,1278675
0,late,old_ball,0,1,0,0,0,0,0,0,neutral,1,3,1278675
0,late,old_ball,0,1,0,0,0,0,0,0,neutral,1,3,1278675
0,late,old_ball,0,1,0,0,0,0,0,0,neutral,1,3,1278675
0,late,old_ball,0,1,0,0,0,0,0,0,neutral,1,3,1278675
0,late,old_ball,0,1,0,0,0,0,0,0,neutral,1,3,1278675
0,late,middle_overs,0,1,0,0,0,0,0,0,neutral,1,3,1278675
1,late,old_ball,0,1,0,0,1,0,0,1,neutral,0,1,1278682
0,late,middle_overs,0,1,0,0,0,0,0,0,neutral,0,1,1278682
0,late,middle_overs,0,1,0,0,0,0,0,0,neutral,0,1,1278682
0,late,middle_overs,0,1,0,0,0,0,0,0,neutral,0,1,1278682
0,late,middle_overs,0,1,0,0,0,0,0,0,neutral,0,1,1278682
0,late,middle_overs,0,1,0,0,0,0,0,0,neutral,0,1,1278682
0,late,middle_overs,0,1,0,0,0,0,0,0,neutral,0,1,1278682
1,late,middle_overs,0,1,0,0,1,0,0,1,neutral,0,1,1278683
0,late,middle_overs,0,1,0,0,0,0,0,0,neutral,0,1,1278683
0,late,middle_overs,0,1,0,0,0,0,0,0,neutral,0,1,1278683
0,late,middle_overs,0,1,0,0,0,0,0,0,neutral,0,1,1278683
0,late,new_ball,0,1,0,0,0,0,0,0,neutral,0,1,1278683
0,late,new_ball,0,1,0,0,0,0,0,0,neutral,0,1,1278683
0,late,middle_overs,0,1,0,0,0,0,0,0,neutral,0,1,1278683
1,late,middle_overs,0,1,0,0,1,0,0,1,neutral,1,3,1278683
0,late,middle_overs,0,1,0,0,0,0,0,0,neutral,1,3,1278683
0,late,middle_overs,0,1,0,0,0,0,0,0,neutral,1,3,1278683
0,late,middle_overs,0,1,0,0,0,0,0,0,neutral,1,3,1278683
0,late,middle_overs,0,1,0,0,0,0,0,0,neutral,1,3,1278683
0,late,middle_overs,0,1,0,0,0,0,0,0,neutral,1,3,1278683
0,late,middle_overs,0,1,0,0,0,0,0,0,neutral,1,3,1278683
1,late,middle_overs,0,1,0,0,1,0,0,1,neutral,0,1,1320741
0,late,middle_overs,0,1,0,0,0,0,0,0,neutral,0,1,1320741
0,late,middle_overs,0,1,0,0,0,0,0,0,neutral,0,1,1320741
0,late,middle_overs,0,1,0,0,0,0,0,0,neutral,0,1,1320741
0,late,middle_overs,0,1,0,0,0,0,0,0,neutral,0,1,1320741
0,late,middle_overs,0,1,0,0,0,0,0,0,neutral,0,1,1320741
0,late,middle_overs,0,1,0,0,0,0,0,0,neutral,0,1,1320741
1,late,middle_overs,0,1,0,1,0,0,0,0,neutral,1,3,1320741
0,late,middle_overs,0,1,0,0,0,0,0,0,neutral,1,3,1320741
0,late,middle_overs,0,1,0,0,0,0,0,0,neutral,1,3,1320741
0,late,middle_overs,0,1,0,0,0,0,0,0,neutral,1,3,1320741
0,late,middle_overs,0,1,0,0,0,0,0,0,neutral,1,3,1320741
0,late,middle_overs,0,1,0,0,0,0,0,0,neutral,1,3,1320741
0,late,middle_overs,0,1,0,0,0,0,0,0,neutral,1,3,1320741
1,late,middle_overs,0,1,0,0,1,0,0,1,neutral,0,1,1340848
0,late,middle_overs,0,1,0,0,0,0,0,0,neutral,0,1,1340848
0,late,middle_overs,0,1,0,0,0,0,0,0,neutral,0,1,1340848
0,late,middle_overs,0,1,0,0,0,0,0,0,neutral,0,1,1340848
0,late,middle_overs,0,1,0,0,0,0,0,0,neutral,0,1,1340848
1,late,middle_overs,0,1,0,1,0,0,0,0,neutral,0,2,1340849
0,late,middle_overs,0,1,0,0,0,0,0,0,neutral,0,2,1340849
0,late,middle_overs,0,0,1,0,0,0,0,0,neutral,0,2,1340849
0,late,new_ball,0,1,0,0,0,0,0,0,neutral,0,2,1340849
0,late,middle_overs,0,1,0,0,0,0,0,0,neutral,0,2,1340849
0,late,middle_overs,0,0,1,0,0,0,0,0,neutral,0,2,1340849
0,late,middle_overs,0,1,0,0,0,0,0,0,neutral,0,2,1340849
1,late,middle_overs,0,1,0,1,0,0,0,0,neutral,1,4,1340849
0,late,middle_overs,0,1,0,0,0,0,0,0,neutral,1,4,1340849
0,late,new_ball,0,1,0,0,0,0,0,0,neutral,1,4,1340849
0,late,new_ball,0,1,0,0,0,0,0,0,neutral,1,4,1340849
0,late,middle_overs,0,1,0,0,0,0,0,0,neutral,1,4,1340849
0,late,new_ball,0,1,0,0,0,0,0,0,neutral,1,4,1340849
0,late,middle_overs,0,1,0,0,0,0,0,0,neutral,1,4,1340849
1,late,old_ball,0,1,0,1,0,0,0,0,neutral,0,2,1348652
0,late,old_ball,0,0,1,0,0,0,0,0,neutral,0,2,1348652
0,late,old_ball,0,0,1,0,0,0,0,0,neutral,0,2,1348652
0,late,old_ball,0,0,1,0,0,0,0,0,neutral,0,2,1348652
0,late,old_ball,0,1,0,0,0,0,0,0,neutral,0,2,1348652
0,late,old_ball,0,1,0,0,0,0,0,0,neutral,0,2,1348652
0,late,old_ball,0,0,1,0,0,0,0,0,neutral,0,2,1348652
1,late,old_ball,0,1,0,0,1,0,0,1,neutral,0,2,1348653
0,late,old_ball,0,0,1,0,0,0,0,0,neutral,0,2,1348653
0,late,middle_overs,0,0,1,0,0,0,0,0,neutral,0,2,1348653
0,late,old_ball,0,1,0,0,0,0,0,0,neutral,0,2,1348653
0,late,middle_overs,0,1,0,0,0,0,0,0,neutral,0,2,1348653
0,late,middle_overs,0,0,1,0,0,0,0,0,neutral,0,2,1348653
0,late,middle_overs,0,1,0,0,0,0,0,0,neutral,0,2,1348653
1,late,middle_overs,0,1,0,0,0,0,0,0,neutral,1,4,1348653
0,late,new_ball,0,1,0,0,0,0,0,0,neutral,1,4,1348653
0,late,middle_overs,0,1,0,0,0,0,0,0,neutral,1,4,1348653
0,late,new_ball,0,0,1,0,0,0,0,0,neutral,1,4,1348653
0,late,middle_overs,0,1,0,0,0,0,0,0,neutral,1,4,1348653
0,late,new_ball,1,1,0,0,0,0,0,0,neutral,1,4,1348653
0,late,middle_overs,0,1,0,0,0,0,0,0,neutral,1,4,1348653
1,late,middle_overs,0,1,0,0,1,0,0,1,neutral,0,1,1348654
0,late,middle_overs,0,0,1,0,0,0,0,0,neutral,0,1,1348654
0,late,middle_overs,0,1,0,0,0,0,0,0,neutral,0,1,1348654
0,late,middle_overs,0,1,0,0,0,0,0,0,neutral,0,1,1348654
0,late,new_ball,0,0,1,0,0,0,0,0,neutral,0,1,1348654
0,late,middle_overs,0,1,0,0,0,0,0,0,neutral,0,1,1348654
0,late,middle_overs,0,1,0,0,0,0,0,0,neutral,0,1,1348654
1,late,middle_overs,0,1,0,0,1,0,0,1,neutral,1,3,1348654
0,late,middle_overs,0,1,0,0,0,0,0,0,neutral,1,3,1348654
0,late,new_ball,0,1,0,0,0,0,0,0,neutral,1,3,1348654
0,late,new_ball,0,1,0,0,0,0,0,0,neutral,1,3,1348654
0,late,middle_overs,0,1,0,0,0,0,0,0,neutral,1,3,1348654
0,late,middle_overs,0,1,0,0,0,0,0,0,neutral,1,3,1348654
0,late,middle_overs,0,1,0,0,0,0,0,0,neutral,1,3,1348654
1,late,old_ball,0,1,0,1,0,0,0,0,neutral,0,2,1348655
0,late,old_ball,0,1,0,0,0,0,0,0,neutral,0,2,1348655
0,late,old_ball,0,1,0,0,0,0,0,0,neutral,0,2,1348655
0,late,old_ball,0,1,0,0,0,0,0,0,neutral,0,2,1348655
0,late,old_ball,0,1,0,0,0,0,0,0,neutral,0,2,1348655
0,late,old_ball,0,1,0,0,0,0,0,0,neutral,0,2,1348655
0,late,old_ball,0,0,1,0,0,0,0,0,neutral,0,2,1348655
1,late,middle_overs,0,1,0,1,0,0,0,0,neutral,0,2,1358412
0,late,middle_overs,0,1,0,0,0,0,0,0,neutral,0,2,1358412
0,late,new_ball,1,1,0,0,0,0,0,0,neutral,1,2,1358412
0,late,new_ball,0,1,0,0,0,0,0,0,neutral,0,2,1358412
0,late,middle_overs,0,1,0,0,0,0,0,0,neutral,0,2,1358412
0,late,new_ball,0,1,0,0,0,0,0,0,neutral,0,2,1358412
0,late,new_ball,1,1,0,0,0,0,0,0,neutral,1,2,1358412
1,late,old_ball,0,1,0,1,0,0,0,0,neutral,1,4,1358412
0,late,middle_overs,0,0,1,0,0,0,0,0,neutral,1,4,1358412
0,late,old_ball,0,1,0,0,0,0,0,0,neutral,1,4,1358412
0,late,middle_overs,0,0,1,0,0,0,0,0,neutral,1,4,1358412
0,late,middle_overs,0,1,0,0,0,0,0,0,neutral,1,4,1358412
0,late,middle_overs,0,0,1,0,0,0,0,0,neutral,1,4,1358412
0,late,old_ball,0,1,0,0,0,0,0,0,neutral,1,4,1358412
1,late,old_ball,0,1,0,1,0,0,0,0,neutral,0,2,1381212
0,late,old_ball,0,1,0,0,0,0,0,0,neutral,0,2,1381212
0,late,old_ball,0,1,0,0,0,0,0,0,neutral,0,2,1381212
0,late,old_ball,0,1,0,0,0,0,0,0,neutral,0,2,1381212
0,late,old_ball,0,1,0,0,0,0,0,0,neutral,0,2,1381212
0,late,old_ball,0,1,0,0,0,0,0,0,neutral,0,2,1381212
0,late,old_ball,0,1,0,0,0,0,0,0,neutral,0,2,1381212
1,late,old_ball,0,1,0,0,0,0,0,0,neutral,0,1,1381213
0,late,old_ball,0,1,0,0,0,0,0,0,neutral,0,1,1381213
0,late,old_ball,0,1,0,0,0,0,0,0,neutral,0,1,1381213
0,late,old_ball,0,1,0,0,0,0,0,0,neutral,0,1,1381213
0,late,old_ball,0,1,0,0,0,0,0,0,neutral,0,1,1381213
0,late,old_ball,0,1,0,0,0,0,0,0,neutral,0,1,1381213
0,late,old_ball,0,1,0,0,0,0,0,0,neutral,0,1,1381213
1,late,middle_overs,0,1,0,1,0,0,0,0,neutral,0,1,1387603
0,late,middle_overs,0,1,0,0,0,0,0,0,neutral,0,1,1387603
0,late,middle_overs,0,1,0,0,0,0,0,0,neutral,0,1,1387603
0,late,middle_overs,0,1,0,0,0,0,0,0,neutral,0,1,1387603
0,late,new_ball,1,1,0,0,0,0,0,0,neutral,1,1,1387603
0,late,middle_overs,0,1,0,0,0,0,0,0,neutral,0,1,1387603
0,late,new_ball,0,1,0,0,0,0,0,0,neutral,0,1,1387603
1,late,middle_overs,0,1,0,1,0,0,0,0,neutral,1,3,1387603
0,late,middle_overs,0,1,0,0,0,0,0,0,neutral,1,3,1387603
0,late,middle_overs,0,1,0,0,0,0,0,0,neutral,1,3,1387603
0,late,middle_overs,0,1,0,0,0,0,0,0,neutral,1,3,1387603
0,late,middle_overs,0,1,0,0,0,0,0,0,neutral,1,3,1387603
0,late,middle_overs,0,1,0,0,0,0,0,0,neutral,1,3,1387603
0,late,new_ball,1,1,0,0,0,0,0,0,neutral,1,3,1387603
1,late,middle_overs,0,1,0,1,0,0,0,0,neutral,0,2,1387604
0,late,middle_overs,0,1,0,0,0,0,0,0,neutral,0,2,1387604
0,late,new_ball,0,1,0,0,0,0,0,0,neutral,0,2,1387604
0,late,middle_overs,0,1,0,0,0,0,0,0,neutral,0,2,1387604
0,late,middle_overs,0,1,0,0,0,0,0,0,neutral,0,2,1387604
0,late,middle_overs,0,1,0,0,0,0,0,0,neutral,0,2,1387604
0,late,middle_overs,0,1,0,0,0,0,0,0,neutral,0,2,1387604
1,late,new_ball,0,1,0,1,0,0,0,0,neutral,1,4,1387604
0,late,new_ball,1,1,0,0,0,0,0,0,neutral,1,4,1387604
0,late,new_ball,1,1,0,0,0,0,0,0,neutral,1,4,1387604
0,late,new_ball,1,1,0,0,0,0,0,0,neutral,1,4,1387604
0,late,new_ball,1,1,0,0,0,0,0,0,neutral,1,4,1387604
0,late,new_ball,1,1,0,0,0,0,0,0,neutral,1,4,1387604
0,late,new_ball,1,1,0,0,0,0,0,0,neutral,1,4,1387604
1,late,middle_overs,0,1,0,1,0,0,0,0,neutral,0,1,1426555
0,late,new_ball,0,1,0,0,0,0,0,0,neutral,0,1,1426555
0,late,new_ball,0,1,0,0,0,0,0,0,neutral,0,1,1426555
0,late,new_ball,0,1,0,0,0,0,0,0,neutral,0,1,1426555
0,late,new_ball,0,1,0,0,0,0,0,0,neutral,0,1,1426555
0,late,new_ball,0,1,0,0,0,0,0,0,neutral,0,1,1426555
0,late,new_ball,0,1,0,0,0,0,0,0,neutral,0,1,1426555
1,late,middle_overs,0,1,0,1,0,0,0,0,neutral,0,1,1426556
0,late,middle_overs,0,1,0,0,0,0,0,0,neutral,0,1,1426556
0,late,middle_overs,0,1,0,0,0,0,0,0,neutral,0,1,1426556
0,late,middle_overs,0,1,0,0,0,0,0,0,neutral,0,1,1426556
0,late,middle_overs,0,1,0,0,0,0,0,0,neutral,0,1,1426556
0,late,middle_overs,0,1,0,0,0,0,0,0,neutral,0,1,1426556
0,late,middle_overs,0,1,0,0,0,0,0,0,neutral,0,1,1426556
1,late,new_ball,0,1,0,1,0,0,0,0,neutral,1,3,1426556
0,late,new_ball,0,1,0,0,0,0,0,0,neutral,1,3,1426556
0,late,new_ball,0,1,0,0,0,0,0,0,neutral,1,3,1426556
0,late,new_ball,1,1,0,0,0,0,0,0,neutral,1,3,1426556
0,late,new_ball,1,1,0,0,0,0,0,0,neutral,1,3,1426556
0,late,new_ball,0,1,0,0,0,0,0,0,neutral,1,3,1426556
0,late,new_ball,0,1,0,0,0,0,0,0,neutral,1,3,1426556
1,late,new_ball,1,1,0,1,0,0,0,0,neutral,1,2,1426557
0,late,new_ball,1,1,0,0,0,0,0,0,neutral,1,2,1426557
0,late,new_ball,1,1,0,0,0,0,0,0,neutral,1,2,1426557
0,late,new_ball,1,1,0,0,0,0,0,0,neutral,1,2,1426557
0,late,new_ball,1,1,0,0,0,0,0,0,neutral,1,2,1426557
0,late,new_ball,1,1,0,0,0,0,0,0,neutral,1,2,1426557
0,late,new_ball,1,1,0,0,0,0,0,0,neutral,1,2,1426557
1,late,old_ball,0,1,0,1,0,0,0,0,neutral,0,2,1426558
0,late,middle_overs,0,0,1,0,0,0,0,0,neutral,0,2,1426558
0,late,middle_overs,0,0,1,0,0,0,0,0,neutral,0,2,1426558
0,late,middle_overs,0,1,0,0,0,0,0,0,neutral,0,2,1426558
0,late,middle_overs,0,1,0,0,0,0,0,0,neutral,0,2,1426558
0,late,middle_overs,0,1,0,0,0,0,0,0,neutral,0,2,1426558
0,late,middle_overs,0,1,0,0,0,0,0,0,neutral,0,2,1426558
1,late,middle_overs,0,1,0,1,0,0,0,0,neutral,1,4,1426558
0,late,middle_overs,0,1,0,0,0,0,0,0,neutral,1,4,1426558
0,late,middle_overs,0,1,0,0,0,0,0,0,neutral,1,4,1426558
0,late,middle_overs,0,1,0,0,0,0,0,0,neutral,1,4,1426558
0,late,middle_overs,0,1,0,0,0,0,0,0,neutral,1,4,1426558
0,late,middle_overs,0,1,0,0,0,0,0,0,neutral,1,4,1426558
0,late,middle_overs,0,1,0,0,0,0,0,0,neutral,1,4,1426558
1,late,middle_overs,0,1,0,1,0,0,0,0,neutral,0,1,1426559
0,late,middle_overs,0,1,0,0,0,0,0,0,neutral,0,1,1426559
0,late,middle_overs,0,1,0,0,0,0,0,0,neutral,0,1,1426559
0,late,middle_overs,0,1,0,0,0,0,0,0,neutral,0,1,1426559
0,late,new_ball,1,1,0,0,0,0,0,0,neutral,1,1,1426559
0,late,middle_overs,0,1,0,0,0,0,0,0,neutral,0,1,1426559
0,late,new_ball,1,1,0,0,0,0,0,0,neutral,1,1,1426559
1,late,new_ball,0,1,0,1,0,0,0,0,neutral,1,3,1426559
0,late,new_ball,1,1,0,0,0,0,0,0,neutral,1,3,1426559
0,late,new_ball,1,1,0,0,0,0,0,0,neutral,1,3,1426559
0,late,new_ball,1,1,0,0,0,0,0,0,neutral,1,3,1426559
0,late,new_ball,0,1,0,0,0,0,0,0,neutral,1,3,1426559
0,late,new_ball,0,1,0,0,0,0,0,0,neutral,1,3,1426559
0,late,new_ball,1,1,0,0,0,0,0,0,neutral,1,3,1426559
1,late,new_ball,1,1,0,1,0,0,0,0,neutral,1,1,1439891
0,late,new_ball,1,1,0,0,0,0,0,0,neutral,1,1,1439891
0,late,new_ball,1,1,0,0,0,0,0,0,neutral,1,1,1439891
0,late,new_ball,1,1,0,0,0,0,0,0,neutral,1,1,1439891
0,late,new_ball,1,1,0,0,0,0,0,0,neutral,1,1,1439891
0,late,new_ball,1,1,0,0,0,0,0,0,neutral,1,1,1439891
1,late,middle_overs,0,1,0,0,1,0,0,1,neutral,1,3,1439891
0,late,new_ball,1,0,1,0,0,0,0,0,neutral,1,3,1439891
0,late,middle_overs,0,0,1,0,0,0,0,0,neutral,1,3,1439891
0,late,new_ball,0,0,1,0,0,0,0,0,neutral,1,3,1439891
0,late,middle_overs,0,1,0,0,0,0,0,0,neutral,1,3,1439891
0,late,new_ball,0,0,1,0,0,0,0,0,neutral,1,3,1439891
0,late,new_ball,1,1,0,0,0,0,0,0,neutral,1,3,1439891
1,late,middle_overs,0,0,1,0,1,0,0,1,neutral,0,2,1439892
0,late,middle_overs,0,1,0,0,0,0,0,0,neutral,0,2,1439892
0,late,middle_overs,0,1,0,0,0,0,0,0,neutral,0,2,1439892
0,late,middle_overs,0,1,0,0,0,0,0,0,neutral,0,2,1439892
0,late,middle_overs,0,0,1,0,0,0,0,0,neutral,0,2,1439892
0,late,middle_overs,0,0,1,0,0,0,0,0,neutral,0,2,1439892
0,late,middle_overs,0,1,0,0,0,0,0,0,neutral,0,2,1439892
1,late,new_ball,1,1,0,1,0,0,0,0,neutral,1,1,1439896
0,late,new_ball,1,1,0,0,0,0,0,0,neutral,1,1,1439896
0,late,new_ball,1,1,0,0,0,0,0,0,neutral,1,1,1439896
0,late,new_ball,1,1,0,0,0,0,0,0,neutral,1,1,1439896
0,late,new_ball,1,1,0,0,0,0,0,0,neutral,1,1,1439896
0,late,new_ball,1,1,0,0,0,0,0,0,neutral,1,1,1439896
0,late,new_ball,1,1,0,0,0,0,0,0,neutral,1,1,1439896
1,late,old_ball,0,1,0,1,0,0,0,0,neutral,1,3,1439896
0,late,middle_overs,0,1,0,0,0,0,0,0,neutral,1,3,1439896
0,late,middle_overs,0,1,0,0,0,0,0,0,neutral,1,3,1439896
0,late,middle_overs,0,1,0,0,0,0,0,0,neutral,1,3,1439896
0,late,middle_overs,0,1,0,0,0,0,0,0,neutral,1,3,1439896
0,late,middle_overs,0,1,0,0,0,0,0,0,neutral,1,3,1439896
0,late,middle_overs,0,1,0,0,0,0,0,0,neutral,1,3,1439896
1,late,middle_overs,0,0,1,0,1,0,0,1,neutral,0,2,1439897
0,late,middle_overs,0,0,1,0,0,0,0,0,neutral,0,2,1439897
0,late,middle_overs,0,0,1,0,0,0,0,0,neutral,0,2,1439897
0,late,middle_overs,0,1,0,0,0,0,0,0,neutral,0,2,1439897
0,late,middle_overs,0,0,1,0,0,0,0,0,neutral,0,2,1439897
0,late,middle_overs,0,0,1,0,0,0,0,0,neutral,0,2,1439897
0,late,middle_overs,0,0,1,0,0,0,0,0,neutral,0,2,1439897
1,late,middle_overs,0,0,1,0,1,0,0,1,neutral,1,4,1439897
0,late,middle_overs,0,1,0,0,0,0,0,0,neutral,1,4,1439897
0,late,middle_overs,0,0,1,0,0,0,0,0,neutral,1,4,1439897
0,late,middle_overs,0,1,0,0,0,0,0,0,neutral,1,4,1439897
0,late,middle_overs,0,0,1,0,0,0,0,0,neutral,1,4,1439897
0,late,middle_overs,0,1,0,0,0,0,0,0,neutral,1,4,1439897
0,late,middle_overs,0,1,0,0,0,0,0,0,neutral,1,4,1439897
1,late,middle_overs,0,1,0,0,0,0,0,0,neutral,0,2,1439898
0,late,middle_overs,0,1,0,0,0,0,0,0,neutral,0,2,1439898
0,late,middle_overs,0,1,0,0,0,0,0,0,neutral,0,2,1439898
0,late,middle_overs,0,1,0,0,0,0,0,0,neutral,0,2,1439898
0,late,middle_overs,0,1,0,0,0,0,0,0,neutral,0,2,1439898
0,late,middle_overs,0,1,0,0,0,0,0,0,neutral,0,2,1439898
1,late,new_ball,1,1,0,1,0,0,0,0,neutral,1,4,1439898
0,late,new_ball,1,1,0,0,0,0,0,0,neutral,1,4,1439898
0,late,new_ball,1,1,0,0,0,0,0,0,neutral,1,4,1439898
0,late,new_ball,1,1,0,0,0,0,0,0,neutral,1,4,1439898
0,late,new_ball,1,1,0,0,0,0,0,0,neutral,1,4,1439898
0,late,new_ball,1,1,0,0,0,0,0,0,neutral,1,4,1439898
0,late,new_ball,1,1,0,0,0,0,0,0,neutral,1,4,1439898
1,early,middle_overs,0,1,0,1,0,0,0,0,neutral,0,1,489226
0,early,middle_overs,0,1,0,0,0,0,0,0,neutral,0,1,489226
0,early,middle_overs,0,1,0,0,0,0,0,0,neutral,0,1,489226
0,early,middle_overs,0,1,0,0,0,0,0,0,neutral,0,1,489226
0,early,middle_overs,0,1,0,0,0,0,0,0,neutral,0,1,489226
0,early,middle_overs,0,1,0,0,0,0,0,0,neutral,0,1,489226
0,early,middle_overs,0,1,0,0,0,0,0,0,neutral,0,1,489226
1,early,old_ball,0,1,0,1,0,0,0,0,neutral,1,3,489226
0,early,middle_overs,0,1,0,0,0,0,0,0,neutral,1,3,489226
0,early,middle_overs,0,1,0,0,0,0,0,0,neutral,1,3,489226
0,early,old_ball,0,1,0,0,0,0,0,0,neutral,1,3,489226
0,early,middle_overs,0,1,0,0,0,0,0,0,neutral,1,3,489226
0,early,middle_overs,0,1,0,0,0,0,0,0,neutral,1,3,489226
0,early,old_ball,0,1,0,0,0,0,0,0,neutral,1,3,489226
1,early,middle_overs,0,1,0,1,0,0,0,0,neutral,0,1,489227
0,early,middle_overs,0,1,0,0,0,0,0,0,neutral,0,1,489227
1,early,old_ball,0,1,0,1,0,0,0,0,neutral,1,3,489227
0,early,old_ball,0,1,0,0,0,0,0,0,neutral,1,3,489227
0,early,old_ball,0,1,0,0,0,0,0,0,neutral,1,3,489227
0,early,old_ball,0,1,0,0,0,0,0,0,neutral,1,3,489227
0,early,old_ball,0,1,0,0,0,0,0,0,neutral,1,3,489227
0,early,old_ball,0,1,0,0,0,0,0,0,neutral,1,3,489227
0,early,old_ball,0,1,0,0,0,0,0,0,neutral,1,3,489227
1,early,old_ball,0,1,0,1,0,0,0,0,neutral,0,2,489228
0,early,old_ball,0,1,0,0,0,0,0,0,neutral,0,2,489228
0,early,old_ball,0,1,0,0,0,0,0,0,neutral,0,2,489228
0,early,old_ball,0,1,0,0,0,0,0,0,neutral,0,2,489228
0,early,old_ball,0,1,0,0,0,0,0,0,neutral,0,2,489228
0,early,old_ball,0,1,0,0,0,0,0,0,neutral,0,2,489228
0,early,old_ball,0,1,0,0,0,0,0,0,neutral,0,2,489228
1,early,old_ball,0,1,0,1,0,0,0,0,neutral,0,2,518950
0,early,old_ball,0,1,0,0,0,0,0,0,neutral,0,2,518950
0,early,old_ball,0,0,1,0,0,0,0,0,neutral,0,2,518950
0,early,old_ball,0,1,0,0,0,0,0,0,neutral,0,2,518950
0,early,old_ball,0,1,0,0,0,0,0,0,neutral,0,2,518950
0,early,old_ball,0,0,1,0,0,0,0,0,neutral,0,2,518950
0,early,old_ball,0,0,1,0,0,0,0,0,neutral,0,2,518950
1,early,middle_overs,0,1,0,0,1,0,0,1,neutral,1,4,518950
1,early,middle_overs,0,1,0,1,0,0,0,0,neutral,0,1,518951
0,early,middle_overs,0,1,0,0,0,0,0,0,neutral,0,1,518951
0,early,middle_overs,0,1,0,0,0,0,0,0,neutral,0,1,518951
0,early,middle_overs,0,1,0,0,0,0,0,0,neutral,0,1,518951
0,early,middle_overs,0,1,0,0,0,0,0,0,neutral,0,1,518951
0,early,middle_overs,0,1,0,0,0,0,0,0,neutral,0,1,518951
0,early,middle_overs,0,1,0,0,0,0,0,0,neutral,0,1,518951
1,early,old_ball,0,1,0,0,1,0,0,1,neutral,1,3,518951
0,early,old_ball,0,1,0,0,0,0,0,0,neutral,1,3,518951
0,early,old_ball,0,1,0,0,0,0,0,0,neutral,1,3,518951
0,early,old_ball,0,1,0,0,0,0,0,0,neutral,1,3,518951
0,early,old_ball,0,1,0,0,0,0,0,0,neutral,1,3,518951
0,early,old_ball,0,1,0,0,0,0,0,0,neutral,1,3,518951
0,early,old_ball,0,1,0,0,0,0,0,0,neutral,1,3,518951
1,early,old_ball,0,1,0,1,0,0,0,0,neutral,0,1,518952
0,early,middle_overs,0,1,0,0,0,0,0,0,neutral,0,1,518952
0,early,middle_overs,0,1,0,0,0,0,0,0,neutral,0,1,518952
0,early,middle_overs,0,1,0,0,0,0,0,0,neutral,0,1,518952
0,early,old_ball,0,1,0,0,0,0,0,0,neutral,0,1,518952
0,early,middle_overs,0,1,0,0,0,0,0,0,neutral,0,1,518952
0,early,old_ball,0,1,0,0,0,0,0,0,neutral,0,1,518952
1,early,old_ball,0,1,0,1,0,0,0,0,neutral,1,3,518952
0,early,middle_overs,0,1,0,0,0,0,0,0,neutral,1,3,518952
0,early,old_ball,0,1,0,0,0,0,0,0,neutral,1,3,518952
0,early,middle_overs,0,1,0,0,0,0,0,0,neutral,1,3,518952
0,early,old_ball,0,1,0,0,0,0,0,0,neutral,1,3,518952
0,early,old_ball,0,1,0,0,0,0,0,0,neutral,1,3,518952
0,early,old_ball,0,1,0,0,0,0,0,0,neutral,1,3,518952
1,early,old_ball,0,1,0,0,1,0,0,1,neutral,0,2,518953
0,early,old_ball,0,0,1,0,0,0,0,0,neutral,0,2,518953
0,early,old_ball,0,1,0,0,0,0,0,0,neutral,0,2,518953
0,early,old_ball,0,1,0,0,0,0,0,0,neutral,0,2,518953
0,early,old_ball,0,1,0,0,0,0,0,0,neutral,0,2,518953
0,early,old_ball,0,1,0,0,0,0,0,0,neutral,0,2,518953
0,early,old_ball,0,1,0,0,0,0,0,0,neutral,0,2,518953
1,early,old_ball,0,1,0,0,0,0,0,0,neutral,1,4,518953
0,early,middle_overs,0,1,0,0,0,0,0,0,neutral,1,4,518953
0,early,old_ball,0,1,0,0,0,0,0,0,neutral,1,4,518953
0,early,old_ball,0,1,0,0,0,0,0,0,neutral,1,4,518953
0,early,middle_overs,0,1,0,0,0,0,0,0,neutral,1,4,518953
0,early,middle_overs,0,0,1,0,0,0,0,0,neutral,1,4,518953
0,early,old_ball,0,1,0,0,0,0,0,0,neutral,1,4,518953
1,early,old_ball,0,1,0,1,0,0,0,0,neutral,0,2,535999
0,early,old_ball,0,1,0,0,0,0,0,0,neutral,0,2,535999
0,early,old_ball,0,1,0,0,0,0,0,0,neutral,0,2,535999
0,early,old_ball,0,1,0,0,0,0,0,0,neutral,0,2,535999
0,early,old_ball,0,1,0,0,0,0,0,0,neutral,0,2,535999
0,early,old_ball,0,1,0,0,0,0,0,0,neutral,0,2,535999
0,early,old_ball,0,1,0,0,0,0,0,0,neutral,0,2,535999
1,early,old_ball,0,1,0,1,0,0,0,0,neutral,1,4,535999
0,early,old_ball,0,1,0,0,0,0,0,0,neutral,1,4,535999
0,early,middle_overs,0,1,0,0,0,0,0,0,neutral,1,4,535999
0,early,middle_overs,0,1,0,0,0,0,0,0,neutral,1,4,535999
0,early,middle_overs,0,1,0,0,0,0,0,0,neutral,1,4,535999
0,early,middle_overs,0,1,0,0,0,0,0,0,neutral,1,4,535999
0,early,middle_overs,0,1,0,0,0,0,0,0,neutral,1,4,535999
1,early,old_ball,0,1,0,0,1,0,0,1,neutral,0,1,565806
0,early,old_ball,0,1,0,0,0,0,0,0,neutral,0,1,565806
0,early,old_ball,0,1,0,0,0,0,0,0,neutral,0,1,565806
0,early,old_ball,0,1,0,0,0,0,0,0,neutral,0,1,565806
0,early,old_ball,0,1,0,0,0,0,0,0,neutral,0,1,565806
0,early,old_ball,0,1,0,0,0,0,0,0,neutral,0,1,565806
0,early,old_ball,0,1,0,0,0,0,0,0,neutral,0,1,565806
1,early,middle_overs,0,1,0,1,0,0,0,0,neutral,0,1,565807
0,early,middle_overs,0,1,0,0,0,0,0,0,neutral,0,1,565807
0,early,middle_overs,0,1,0,0,0,0,0,0,neutral,0,1,565807
0,early,middle_overs,0,1,0,0,0,0,0,0,neutral,0,1,565807
0,early,middle_overs,0,1,0,0,0,0,0,0,neutral,0,1,565807
0,early,middle_overs,0,1,0,0,0,0,0,0,neutral,0,1,565807
0,early,middle_overs,0,1,0,0,0,0,0,0,neutral,0,1,565807
1,early,middle_overs,0,1,0,1,0,0,0,0,neutral,1,3,565807
0,early,middle_overs,0,1,0,0,0,0,0,0,neutral,1,3,565807
0,early,middle_overs,0,1,0,0,0,0,0,0,neutral,1,3,565807
0,early,new_ball,0,1,0,0,0,0,0,0,neutral,1,3,565807
0,early,middle_overs,0,1,0,0,0,0,0,0,neutral,1,3,565807
0,early,middle_overs,0,1,0,0,0,0,0,0,neutral,1,3,565807
0,early,middle_overs,0,1,0,0,0,0,0,0,neutral,1,3,565807
1,early,old_ball,0,1,0,1,0,0,0,0,neutral,0,1,565808
0,early,old_ball,0,1,0,0,0,0,0,0,neutral,0,1,565808
0,early,old_ball,0,1,0,0,0,0,0,0,neutral,0,1,565808
0,early,old_ball,0,1,0,0,0,0,0,0,neutral,0,1,565808
0,early,old_ball,0,1,0,0,0,0,0,0,neutral,0,1,565808
0,early,old_ball,0,1,0,0,0,0,0,0,neutral,0,1,565808
0,early,old_ball,0,1,0,0,0,0,0,0,neutral,0,1,565808
1,early,old_ball,0,1,0,1,0,0,0,0,neutral,1,3,565808
0,early,middle_overs,0,1,0,0,0,0,0,0,neutral,1,3,565808
0,early,old_ball,0,1,0,0,0,0,0,0,neutral,1,3,565808
0,early,old_ball,0,1,0,0,0,0,0,0,neutral,1,3,565808
0,early,old_ball,0,1,0,0,0,0,0,0,neutral,1,3,565808
0,early,middle_overs,0,1,0,0,0,0,0,0,neutral,1,3,565808
0,early,old_ball,0,1,0,0,0,0,0,0,neutral,1,3,565808
1,early,old_ball,0,1,0,0,1,0,0,1,neutral,0,2,565809
0,early,middle_overs,0,1,0,0,0,0,0,0,neutral,0,2,565809
0,early,old_ball,0,1,0,0,0,0,0,0,neutral,0,2,565809
0,early,old_ball,0,1,0,0,0,0,0,0,neutral,0,2,565809
0,early,old_ball,0,1,0,0,0,0,0,0,neutral,0,2,565809
0,early,old_ball,0,1,0,0,0,0,0,0,neutral,0,2,565809
0,early,old_ball,0,1,0,0,0,0,0,0,neutral,0,2,565809
1,early,old_ball,0,1,0,1,0,0,0,0,neutral,0,1,565817
0,early,old_ball,0,1,0,0,0,0,0,0,neutral,0,1,565817
0,early,old_ball,0,1,0,0,0,0,0,0,neutral,0,1,565817
0,early,old_ball,0,1,0,0,0,0,0,0,neutral,0,1,565817
0,early,middle_overs,0,1,0,0,0,0,0,0,neutral,0,1,565817
0,early,middle_overs,0,1,0,0,0,0,0,0,neutral,0,1,565817
0,early,old_ball,0,1,0,0,0,0,0,0,neutral,0,1,565817
1,early,old_ball,0,1,0,0,1,0,0,1,neutral,0,2,565818
0,early,middle_overs,0,1,0,0,0,0,0,0,neutral,0,2,565818
0,early,old_ball,0,1,0,0,0,0,0,0,neutral,0,2,565818
0,early,old_ball,0,1,0,0,0,0,0,0,neutral,0,2,565818
0,early,old_ball,0,1,0,0,0,0,0,0,neutral,0,2,565818
0,early,old_ball,0,1,0,0,0,0,0,0,neutral,0,2,565818
0,early,old_ball,0,1,0,0,0,0,0,0,neutral,0,2,565818
1,early,old_ball,0,0,1,1,0,0,0,0,neutral,0,2,598812
0,early,middle_overs,0,1,0,0,0,0,0,0,neutral,0,2,598812
0,early,old_ball,0,1,0,0,0,0,0,0,neutral,0,2,598812
0,early,old_ball,0,1,0,0,0,0,0,0,neutral,0,2,598812
0,early,old_ball,0,1,0,0,0,0,0,0,neutral,0,2,598812
0,early,old_ball,0,1,0,0,0,0,0,0,neutral,0,2,598812
0,early,old_ball,0,1,0,0,0,0,0,0,neutral,0,2,598812
1,early,old_ball,0,1,0,1,0,0,0,0,neutral,0,2,598813
0,early,old_ball,0,1,0,0,0,0,0,0,neutral,0,2,598813
0,early,old_ball,0,1,0,0,0,0,0,0,neutral,0,2,598813
0,early,old_ball,0,1,0,0,0,0,0,0,neutral,0,2,598813
0,early,old_ball,0,1,0,0,0,0,0,0,neutral,0,2,598813
0,early,old_ball,0,1,0,0,0,0,0,0,neutral,0,2,598813
0,early,old_ball,0,1,0,0,0,0,0,0,neutral,0,2,598813
1,early,middle_overs,0,1,0,1,0,0,0,0,neutral,1,4,598814
0,early,middle_overs,0,1,0,0,0,0,0,0,neutral,1,4,598814
0,early,middle_overs,0,1,0,0,0,0,0,0,neutral,1,4,598814
0,early,middle_overs,0,1,0,0,0,0,0,0,neutral,1,4,598814
0,early,middle_overs,0,1,0,0,0,0,0,0,neutral,1,4,598814
0,early,middle_overs,0,1,0,0,0,0,0,0,neutral,1,4,598814
0,early,middle_overs,0,1,0,0,0,0,0,0,neutral,1,4,598814
1,early,middle_overs,0,0,1,0,1,0,0,1,neutral,0,2,598815
0,early,middle_overs,0,0,1,0,0,0,0,0,neutral,0,2,598815
0,early,middle_overs,0,0,1,0,0,0,0,0,neutral,0,2,598815
0,early,middle_overs,0,0,1,0,0,0,0,0,neutral,0,2,598815
0,early,middle_overs,0,0,1,0,0,0,0,0,neutral,0,2,598815
0,early,middle_overs,0,0,1,0,0,0,0,0,neutral,0,2,598815
0,early,middle_overs,0,1,0,0,0,0,0,0,neutral,0,2,598815
1,early,middle_overs,0,0,1,0,1,0,0,1,neutral,1,4,598815
0,early,new_ball,0,1,0,0,0,0,0,0,neutral,1,4,598815
0,early,new_ball,1,1,0,0,0,0,0,0,neutral,1,4,598815
0,early,new_ball,1,0,1,0,0,0,0,0,neutral,1,4,598815
0,early,middle_overs,0,0,1,0,0,0,0,0,neutral,1,4,598815
0,early,new_ball,0,1,0,0,0,0,0,0,neutral,1,4,598815
0,early,new_ball,1,0,1,0,0,0,0,0,neutral,1,4,598815
1,early,old_ball,0,1,0,1,0,0,0,0,neutral,0,1,648665
0,early,middle_overs,0,1,0,0,0,0,0,0,neutral,0,1,648665
0,early,middle_overs,0,1,0,0,0,0,0,0,neutral,0,1,648665
0,early,old_ball,0,1,0,0,0,0,0,0,neutral,0,1,648665
0,early,old_ball,0,1,0,0,0,0,0,0,neutral,0,1,648665
0,early,middle_overs,0,1,0,0,0,0,0,0,neutral,0,1,648665
0,early,old_ball,0,1,0,0,0,0,0,0,neutral,0,1,648665
1,early,old_ball,0,1,0,1,0,0,0,0,neutral,1,3,648665
0,early,old_ball,0,1,0,0,0,0,0,0,neutral,1,3,648665
0,early,old_ball,0,1,0,0,0,0,0,0,neutral,1,3,648665
0,early,old_ball,0,1,0,0,0,0,0,0,neutral,1,3,648665
0,early,old_ball,0,1,0,0,0,0,0,0,neutral,1,3,648665
0,early,old_ball,0,1,0,0,0,0,0,0,neutral,1,3,648665
0,early,old_ball,0,1,0,0,0,0,0,0,neutral,1,3,648665
1,early,old_ball,0,1,0,1,0,0,0,0,neutral,0,1,648667
0,early,old_ball,0,1,0,0,0,0,0,0,neutral,0,1,648667
0,early,old_ball,0,1,0,0,0,0,0,0,neutral,0,1,648667
0,early,old_ball,0,1,0,0,0,0,0,0,neutral,0,1,648667
0,early,old_ball,0,1,0,0,0,0,0,0,neutral,0,1,648667
0,early,old_ball,0,1,0,0,0,0,0,0,neutral,0,1,648667
0,early,old_ball,0,1,0,0,0,0,0,0,neutral,0,1,648667
1,early,middle_overs,0,1,0,1,0,0,0,0,neutral,1,3,648667
0,early,middle_overs,0,1,0,0,0,0,0,0,neutral,1,3,648667
0,early,middle_overs,0,1,0,0,0,0,0,0,neutral,1,3,648667
0,early,middle_overs,0,1,0,0,0,0,0,0,neutral,1,3,648667
0,early,middle_overs,0,1,0,0,0,0,0,0,neutral,1,3,648667
0,early,middle_overs,0,1,0,0,0,0,0,0,neutral,1,3,648667
0,early,middle_overs,0,1,0,0,0,0,0,0,neutral,1,3,648667
1,early,new_ball,1,1,0,1,0,0,0,0,neutral,1,2,667651
0,early,new_ball,1,1,0,0,0,0,0,0,neutral,1,2,667651
0,early,new_ball,1,1,0,0,0,0,0,0,neutral,1,2,667651
0,early,new_ball,1,1,0,0,0,0,0,0,neutral,1,2,667651
0,early,new_ball,1,1,0,0,0,0,0,0,neutral,1,2,667651
0,early,new_ball,1,1,0,0,0,0,0,0,neutral,1,2,667651
0,early,new_ball,1,1,0,0,0,0,0,0,neutral,1,2,667651
1,early,old_ball,0,1,0,1,0,0,0,0,neutral,1,4,667651
0,early,middle_overs,0,1,0,0,0,0,0,0,neutral,1,4,667651
0,early,old_ball,0,1,0,0,0,0,0,0,neutral,1,4,667651
0,early,old_ball,0,1,0,0,0,0,0,0,neutral,1,4,667651
0,early,middle_overs,0,1,0,0,0,0,0,0,neutral,1,4,667651
0,early,old_ball,0,1,0,0,0,0,0,0,neutral,1,4,667651
0,early,old_ball,0,1,0,0,0,0,0,0,neutral,1,4,667651
1,early,old_ball,0,1,0,1,0,0,0,0,neutral,0,2,667653
0,early,old_ball,0,1,0,0,0,0,0,0,neutral,0,2,667653
0,early,old_ball,0,1,0,0,0,0,0,0,neutral,0,2,667653
0,early,old_ball,0,1,0,0,0,0,0,0,neutral,0,2,667653
0,early,old_ball,0,1,0,0,0,0,0,0,neutral,0,2,667653
0,early,old_ball,0,1,0,0,0,0,0,0,neutral,0,2,667653
0,early,old_ball,0,1,0,0,0,0,0,0,neutral,0,2,667653
1,early,middle_overs,0,1,0,1,0,0,0,0,neutral,0,1,667711
0,early,middle_overs,0,1,0,0,0,0,0,0,neutral,0,1,667711
0,early,middle_overs,0,1,0,0,0,0,0,0,neutral,0,1,667711
0,early,middle_overs,0,1,0,0,0,0,0,0,neutral,0,1,667711
0,early,middle_overs,0,1,0,0,0,0,0,0,neutral,0,1,667711
0,early,middle_overs,0,1,0,0,0,0,0,0,neutral,0,1,667711
0,early,middle_overs,0,1,0,0,0,0,0,0,neutral,0,1,667711
1,early,old_ball,0,1,0,0,1,0,0,1,neutral,1,3,667711
0,early,old_ball,0,1,0,0,0,0,0,0,neutral,1,3,667711
0,early,old_ball,0,1,0,0,0,0,0,0,neutral,1,3,667711
0,early,old_ball,0,1,0,0,0,0,0,0,neutral,1,3,667711
0,early,old_ball,0,1,0,0,0,0,0,0,neutral,1,3,667711
0,early,old_ball,0,1,0,0,0,0,0,0,neutral,1,3,667711
0,early,old_ball,0,1,0,0,0,0,0,0,neutral,1,3,667711
1,early,middle_overs,0,1,0,1,0,0,0,0,neutral,0,1,667713
0,early,middle_overs,0,1,0,0,0,0,0,0,neutral,0,1,667713
0,early,middle_overs,0,1,0,0,0,0,0,0,neutral,0,1,667713
0,early,middle_overs,0,1,0,0,0,0,0,0,neutral,0,1,667713
0,early,middle_overs,0,1,0,0,0,0,0,0,neutral,0,1,667713
0,early,middle_overs,0,1,0,0,0,0,0,0,neutral,0,1,667713
0,early,middle_overs,0,1,0,0,0,0,0,0,neutral,0,1,667713
1,early,old_ball,0,1,0,0,1,0,0,1,neutral,1,3,667713
1,early,old_ball,0,1,0,1,0,0,0,0,neutral,0,2,667715
0,early,middle_overs,0,1,0,0,0,0,0,0,neutral,0,2,667715
0,early,old_ball,0,1,0,0,0,0,0,0,neutral,0,2,667715
0,early,middle_overs,0,0,1,0,0,0,0,0,neutral,0,2,667715
0,early,middle_overs,0,0,1,0,0,0,0,0,neutral,0,2,667715
0,early,middle_overs,0,1,0,0,0,0,0,0,neutral,0,2,667715
0,early,middle_overs,0,1,0,0,0,0,0,0,neutral,0,2,667715
1,early,middle_overs,0,0,1,1,0,0,0,0,neutral,1,4,667715
0,early,middle_overs,0,1,0,0,0,0,0,0,neutral,1,4,667715
0,early,middle_overs,0,1,0,0,0,0,0,0,neutral,1,4,667715
0,early,middle_overs,0,0,1,0,0,0,0,0,neutral,1,4,667715
0,early,middle_overs,0,1,0,0,0,0,0,0,neutral,1,4,667715
0,early,middle_overs,0,1,0,0,0,0,0,0,neutral,1,4,667715
0,early,new_ball,0,0,1,0,0,0,0,0,neutral,1,4,667715
1,early,new_ball,1,1,0,1,0,0,0,0,neutral,1,1,667717
0,early,new_ball,1,1,0,0,0,0,0,0,neutral,1,1,667717
1,early,middle_overs,0,1,0,1,0,0,0,0,neutral,1,3,667717
0,early,middle_overs,0,1,0,0,0,0,0,0,neutral,1,3,667717
0,early,middle_overs,0,1,0,0,0,0,0,0,neutral,1,3,667717
0,early,middle_overs,0,1,0,0,0,0,0,0,neutral,1,3,667717
0,early,middle_overs,0,1,0,0,0,0,0,0,neutral,1,3,667717
0,early,middle_overs,0,0,1,0,0,0,0,0,neutral,1,3,667717
0,early,middle_overs,0,1,0,0,0,0,0,0,neutral,1,3,667717
1,early,new_ball,0,1,0,0,1,0,0,1,neutral,0,1,667719
0,early,new_ball,1,1,0,0,0,0,0,0,neutral,1,1,667719
0,early,new_ball,1,1,0,0,0,0,0,0,neutral,1,1,667719
0,early,new_ball,0,1,0,0,0,0,0,0,neutral,0,1,667719
0,early,new_ball,1,1,0,0,0,0,0,0,neutral,1,1,667719
0,early,new_ball,1,1,0,0,0,0,0,0,neutral,1,1,667719
0,early,new_ball,1,1,0,0,0,0,0,0,neutral,1,1,667719
1,early,middle_overs,0,1,0,1,0,0,0,0,neutral,1,3,667719
0,early,new_ball,1,1,0,0,0,0,0,0,neutral,1,3,667719
0,early,middle_overs,0,1,0,0,0,0,0,0,neutral,1,3,667719
0,early,new_ball,1,1,0,0,0,0,0,0,neutral,1,3,667719
0,early,new_ball,1,1,0,0,0,0,0,0,neutral,1,3,667719
0,early,new_ball,1,1,0,0,0,0,0,0,neutral,1,3,667719
0,early,middle_overs,0,1,0,0,0,0,0,0,neutral,1,3,667719
1,early,middle_overs,0,1,0,1,0,0,0,0,neutral,0,2,676525
0,early,middle_overs,0,1,0,0,0,0,0,0,neutral,0,2,676525
0,early,middle_overs,0,1,0,0,0,0,0,0,neutral,0,2,676525
0,early,middle_overs,0,1,0,0,0,0,0,0,neutral,0,2,676525
0,early,middle_overs,0,1,0,0,0,0,0,0,neutral,0,2,676525
0,early,middle_overs,0,1,0,0,0,0,0,0,neutral,0,2,676525
1,early,old_ball,0,1,0,1,0,0,0,0,neutral,0,2,676527
0,early,old_ball,0,1,0,0,0,0,0,0,neutral,0,2,676527
0,early,old_ball,0,1,0,0,0,0,0,0,neutral,0,2,676527
0,early,old_ball,0,1,0,0,0,0,0,0,neutral,0,2,676527
0,early,old_ball,0,1,0,0,0,0,0,0,neutral,0,2,676527
0,early,old_ball,0,1,0,0,0,0,0,0,neutral,0,2,676527
0,early,old_ball,0,1,0,0,0,0,0,0,neutral,0,2,676527
1,early,old_ball,0,1,0,1,0,0,0,0,neutral,0,2,754737
0,early,old_ball,0,1,0,0,0,0,0,0,neutral,0,2,754737
0,early,old_ball,0,1,0,0,0,0,0,0,neutral,0,2,754737
0,early,old_ball,0,1,0,0,0,0,0,0,neutral,0,2,754737
0,early,old_ball,0,1,0,0,0,0,0,0,neutral,0,2,754737
0,early,old_ball,0,1,0,0,0,0,0,0,neutral,0,2,754737
0,early,old_ball,0,1,0,0,0,0,0,0,neutral,0,2,754737
1,early,old_ball,0,0,1,1,0,0,0,0,neutral,1,4,754737
0,early,old_ball,0,1,0,0,0,0,0,0,neutral,1,4,754737
0,early,old_ball,0,0,1,0,0,0,0,0,neutral,1,4,754737
0,early,middle_overs,0,0,1,0,0,0,0,0,neutral,1,4,754737
0,early,old_ball,0,1,0,0,0,0,0,0,neutral,1,4,754737
0,early,old_ball,0,0,1,0,0,0,0,0,neutral,1,4,754737
0,early,old_ball,0,1,0,0,0,0,0,0,neutral,1,4,754737
1,early,old_ball,0,1,0,1,0,0,0,0,neutral,0,1,754739
0,early,middle_overs,0,1,0,0,0,0,0,0,neutral,0,1,754739
0,early,middle_overs,0,1,0,0,0,0,0,0,neutral,0,1,754739
0,early,middle_overs,0,1,0,0,0,0,0,0,neutral,0,1,754739
0,early,middle_overs,0,1,0,0,0,0,0,0,neutral,0,1,754739
0,early,middle_overs,0,1,0,0,0,0,0,0,neutral,0,1,754739
0,early,middle_overs,0,1,0,0,0,0,0,0,neutral,0,1,754739
1,early,middle_overs,0,1,0,0,1,0,0,1,neutral,1,3,754739
0,early,middle_overs,0,1,0,0,0,0,0,0,neutral,1,3,754739
0,early,middle_overs,0,1,0,0,0,0,0,0,neutral,1,3,754739
0,early,middle_overs,0,1,0,0,0,0,0,0,neutral,1,3,754739
0,early,middle_overs,0,1,0,0,0,0,0,0,neutral,1,3,754739
0,early,middle_overs,0,1,0,0,0,0,0,0,neutral,1,3,754739
0,early,middle_overs,0,1,0,0,0,0,0,0,neutral,1,3,754739
1,early,old_ball,0,1,0,1,0,0,0,0,neutral,0,2,754741
0,early,middle_overs,0,1,0,0,0,0,0,0,neutral,0,2,754741
0,early,old_ball,0,1,0,0,0,0,0,0,neutral,0,2,754741
0,early,old_ball,0,1,0,0,0,0,0,0,neutral,0,2,754741
0,early,old_ball,0,1,0,0,0,0,0,0,neutral,0,2,754741
0,early,old_ball,0,1,0,0,0,0,0,0,neutral,0,2,754741
0,early,old_ball,0,1,0,0,0,0,0,0,neutral,0,2,754741
1,early,middle_overs,0,1,0,1,0,0,0,0,neutral,1,4,754741
0,early,middle_overs,0,1,0,0,0,0,0,0,neutral,1,4,754741
0,early,middle_overs,0,1,0,0,0,0,0,0,neutral,1,4,754741
0,early,middle_overs,0,0,1,0,0,0,0,0,neutral,1,4,754741
0,early,new_ball,0,1,0,0,0,0,0,0,neutral,1,4,754741
0,early,new_ball,0,1,0,0,0,0,0,0,neutral,1,4,754741
0,early,middle_overs,0,1,0,0,0,0,0,0,neutral,1,4,754741
1,peak,old_ball,0,1,0,1,0,0,0,0,neutral,0,2,754743
0,peak,old_ball,0,1,0,0,0,0,0,0,neutral,0,2,754743
0,peak,old_ball,0,1,0,0,0,0,0,0,neutral,0,2,754743
0,peak,old_ball,0,0,1,0,0,0,0,0,neutral,0,2,754743
0,peak,old_ball,0,1,0,0,0,0,0,0,neutral,0,2,754743
0,peak,old_ball,0,1,0,0,0,0,0,0,neutral,0,2,754743
0,peak,old_ball,0,0,1,0,0,0,0,0,neutral,0,2,754743
1,peak,old_ball,0,1,0,1,0,0,0,0,neutral,1,4,754743
0,peak,old_ball,0,1,0,0,0,0,0,0,neutral,1,4,754743
0,peak,old_ball,0,1,0,0,0,0,0,0,neutral,1,4,754743
0,peak,middle_overs,0,1,0,0,0,0,0,0,neutral,1,4,754743
0,peak,old_ball,0,1,0,0,0,0,0,0,neutral,1,4,754743
0,peak,old_ball,0,0,1,0,0,0,0,0,neutral,1,4,754743
0,peak,old_ball,0,1,0,0,0,0,0,0,neutral,1,4,754743
1,peak,old_ball,0,1,0,0,1,0,0,1,neutral,0,1,870729
0,peak,old_ball,0,1,0,0,0,0,0,0,neutral,0,1,870729
0,peak,old_ball,0,1,0,0,0,0,0,0,neutral,0,1,870729
0,peak,old_ball,0,1,0,0,0,0,0,0,neutral,0,1,870729
0,peak,old_ball,0,1,0,0,0,0,0,0,neutral,0,1,870729
0,peak,old_ball,0,1,0,0,0,0,0,0,neutral,0,1,870729
0,peak,old_ball,0,1,0,0,0,0,0,0,neutral,0,1,870729
1,peak,old_ball,0,1,0,0,1,0,0,1,neutral,0,2,895773
0,peak,old_ball,0,1,0,0,0,0,0,0,neutral,0,2,895773
0,peak,old_ball,0,0,1,0,0,0,0,0,neutral,0,2,895773
0,peak,middle_overs,0,1,0,0,0,0,0,0,neutral,0,2,895773
0,peak,middle_overs,0,1,0,0,0,0,0,0,neutral,0,2,895773
0,peak,old_ball,0,1,0,0,0,0,0,0,neutral,0,2,895773
0,peak,old_ball,0,0,1,0,0,0,0,0,neutral,0,2,895773
1,peak,middle_overs,0,1,0,1,0,0,0,0,neutral,1,4,895773
0,peak,middle_overs,0,0,1,0,0,0,0,0,neutral,1,4,895773
0,peak,middle_overs,0,0,1,0,0,0,0,0,neutral,1,4,895773
0,peak,middle_overs,0,0,1,0,0,0,0,0,neutral,1,4,895773
0,peak,middle_overs,0,0,1,0,0,0,0,0,neutral,1,4,895773
0,peak,middle_overs,0,0,1,0,0,0,0,0,neutral,1,4,895773
0,peak,middle_overs,0,0,1,0,0,0,0,0,neutral,1,4,895773
1,peak,old_ball,0,0,1,1,0,0,0,0,neutral,0,1,895775
0,peak,middle_overs,0,0,1,0,0,0,0,0,neutral,0,1,895775
0,peak,middle_overs,0,0,1,0,0,0,0,0,neutral,0,1,895775
0,peak,middle_overs,0,1,0,0,0,0,0,0,neutral,0,1,895775
0,peak,old_ball,0,0,1,0,0,0,0,0,neutral,0,1,895775
0,peak,middle_overs,0,0,1,0,0,0,0,0,neutral,0,1,895775
0,peak,middle_overs,0,1,0,0,0,0,0,0,neutral,0,1,895775
1,peak,old_ball,0,1,0,0,1,0,0,1,neutral,1,3,895775
0,peak,old_ball,0,1,0,0,0,0,0,0,neutral,1,3,895775
0,peak,old_ball,0,1,0,0,0,0,0,0,neutral,1,3,895775
0,peak,old_ball,0,1,0,0,0,0,0,0,neutral,1,3,895775
0,peak,old_ball,0,0,1,0,0,0,0,0,neutral,1,3,895775
0,peak,old_ball,0,1,0,0,0,0,0,0,neutral,1,3,895775
0,peak,old_ball,0,1,0,0,0,0,0,0,neutral,1,3,895775
1,peak,middle_overs,0,1,0,1,0,0,0,0,neutral,0,1,895777
0,peak,new_ball,0,1,0,0,0,0,0,0,neutral,0,1,895777
0,peak,middle_overs,0,1,0,0,0,0,0,0,neutral,0,1,895777
0,peak,new_ball,1,1,0,0,0,0,0,0,neutral,1,1,895777
0,peak,new_ball,0,1,0,0,0,0,0,0,neutral,0,1,895777
0,peak,middle_overs,0,1,0,0,0,0,0,0,neutral,0,1,895777
0,peak,new_ball,1,1,0,0,0,0,0,0,neutral,1,1,895777
1,peak,middle_overs,0,1,0,1,0,0,0,0,neutral,1,3,895777
0,peak,new_ball,0,1,0,0,0,0,0,0,neutral,1,3,895777
0,peak,new_ball,1,0,1,0,0,0,0,0,neutral,1,3,895777
0,peak,new_ball,0,1,0,0,0,0,0,0,neutral,1,3,895777
0,peak,middle_overs,0,1,0,0,0,0,0,0,neutral,1,3,895777
0,peak,new_ball,1,1,0,0,0,0,0,0,neutral,1,3,895777
0,peak,middle_overs,0,1,0,0,0,0,0,0,neutral,1,3,895777
1,peak,middle_overs,0,1,0,1,0,0,0,0,neutral,0,1,903603
0,peak,middle_overs,0,1,0,0,0,0,0,0,neutral,0,1,903603
0,peak,middle_overs,0,1,0,0,0,0,0,0,neutral,0,1,903603
0,peak,middle_overs,0,1,0,0,0,0,0,0,neutral,0,1,903603
1,peak,old_ball,0,1,0,1,0,0,0,0,neutral,1,3,903603
0,peak,old_ball,0,1,0,0,0,0,0,0,neutral,1,3,903603
0,peak,middle_overs,0,1,0,0,0,0,0,0,neutral,1,3,903603
0,peak,old_ball,0,1,0,0,0,0,0,0,neutral,1,3,903603
0,peak,middle_overs,0,1,0,0,0,0,0,0,neutral,1,3,903603
0,peak,middle_overs,0,1,0,0,0,0,0,0,neutral,1,3,903603
0,peak,old_ball,0,1,0,0,0,0,0,0,neutral,1,3,903603
1,peak,middle_overs,0,1,0,1,0,0,0,0,neutral,0,1,903607
0,peak,middle_overs,0,1,0,0,0,0,0,0,neutral,0,1,903607
0,peak,middle_overs,0,1,0,0,0,0,0,0,neutral,0,1,903607
0,peak,middle_overs,0,1,0,0,0,0,0,0,neutral,0,1,903607
0,peak,middle_overs,0,1,0,0,0,0,0,0,neutral,0,1,903607
0,peak,middle_overs,0,1,0,0,0,0,0,0,neutral,0,1,903607
0,peak,middle_overs,0,1,0,0,0,0,0,0,neutral,0,1,903607
1,peak,middle_overs,0,1,0,1,0,0,0,0,neutral,1,3,903607
0,peak,middle_overs,0,1,0,0,0,0,0,0,neutral,1,3,903607
0,peak,middle_overs,0,1,0,0,0,0,0,0,neutral,1,3,903607
0,peak,middle_overs,0,1,0,0,0,0,0,0,neutral,1,3,903607
0,peak,middle_overs,0,1,0,0,0,0,0,0,neutral,1,3,903607
0,peak,middle_overs,0,1,0,0,0,0,0,0,neutral,1,3,903607
0,peak,middle_overs,0,1,0,0,0,0,0,0,neutral,1,3,903607
1,peak,old_ball,0,1,0,1,0,0,0,0,neutral,0,1,903609
0,peak,middle_overs,0,1,0,0,0,0,0,0,neutral,0,1,903609
0,peak,middle_overs,0,1,0,0,0,0,0,0,neutral,0,1,903609
0,peak,middle_overs,0,1,0,0,0,0,0,0,neutral,0,1,903609
0,peak,middle_overs,0,1,0,0,0,0,0,0,neutral,0,1,903609
0,peak,middle_overs,0,1,0,0,0,0,0,0,neutral,0,1,903609
0,peak,middle_overs,0,1,0,0,0,0,0,0,neutral,0,1,903609
1,peak,old_ball,0,1,0,0,1,0,0,1,neutral,1,3,903609
0,peak,old_ball,0,1,0,0,0,0,0,0,neutral,1,3,903609
0,peak,old_ball,0,1,0,0,0,0,0,0,neutral,1,3,903609
0,peak,old_ball,0,1,0,0,0,0,0,0,neutral,1,3,903609
0,peak,old_ball,0,1,0,0,0,0,0,0,neutral,1,3,903609
0,peak,old_ball,0,1,0,0,0,0,0,0,neutral,1,3,903609
0,peak,old_ball,0,1,0,0,0,0,0,0,neutral,1,3,903609
